idx,mouse_symbol,section_data_set_id,human_symbol,subtype
9,Ablim3,73992943,ABLIM3,hypo
19,Adam19,74272054,ADAM19,hypo
22,Adamts16,276267,ADAMTS16,hypo
23,Adamts18,75651128,ADAMTS18,hypo
26,Adarb1,72109379,ADARB1,hypo
27,Adck4,70743880,ADCK4,hypo
29,Adcy6,81,ADCY6,hypo
30,Adra2a,73615550,ADRA2A,hypo
32,Adrm1,2019,ADRM1,hypo
34,Afap1,74425569,AFAP1,hypo
47,Aldh1a2,2025,ALDH1A2,hypo
60,Amph,72340233,AMPH,hypo
64,Ank1,70560276,ANK1,hypo
73,Ankrd6,71247671,ANKRD6,hypo
75,Ano1,1472,ANO1,hypo
76,Anp32a,94,ANP32A,hypo
78,Aox1,74425525,AOX1,hypo
82,Ap2a2,74819476,AP2A2,hypo
87,Apba2,2031,APBA2,hypo
88,Apbb1,2033,APBB1,hypo
90,Aqp3,293692,AQP3,hypo
100,Arl16,73817933,ARL16,hypo
104,Arrdc3,77280426,ARRDC3,hypo
106,Arsj,71249746,ARSJ,hypo
110,Asgr1,2047,ASGR1,hypo
124,Avil,72340234,AVIL,hypo
126,B4galt1,71063735,B4GALT1,hypo
127,Bai3,71247597,BAI3,hypo
128,Baiap2,73520966,BAIAP2,hypo
133,Bcl6,75651139,BCL6,hypo
139,Bdnf,79587720,BDNF,hypo
143,Bhlhe22,1162,BHLHE22,hypo
148,Bmp4,79556702,BMP4,hypo
150,Boc,74819594,BOC,hypo
157,Btd,2069,BTD,hypo
158,Btg1,73718576,BTG1,hypo
215,Cabp7,73930835,CABP7,hypo
218,Cacnb2,72119651,CACNB2,hypo
219,Cacnb3,70560340,CACNB3,hypo
221,Cacng7,74750054,CACNG7,hypo
224,Cadps2,73817429,CADPS2,hypo
225,Calb1,71717640,CALB1,hypo
226,Calb2,79556662,CALB2,hypo
227,Calcb,72338699,CALCB,hypo
231,Camk2d,71016676,CAMK2D,hypo
233,Camk4,75038464,CAMK4,hypo
234,Camkk2,70743899,CAMKK2,hypo
236,Capsl,75079776,CAPSL,hypo
241,Cbfa2t3,75038485,CBFA2T3,hypo
242,Cblb,74988451,CBLB,hypo
268,Cckbr,70560342,CCKBR,hypo
284,Cdc25b,74274686,CDC25B,hypo
288,Cdh10,73592529,CDH10,hypo
289,Cdh15,77869780,CDH15,hypo
290,Cdh18,74658022,CDH18,hypo
291,Cdh23,72283805,CDH23,hypo
292,Cdh3,1337,CDH3,hypo
293,Cdh7,73520973,CDH7,hypo
295,Cdk8,75147769,CDK8,hypo
299,Cdyl2,74641321,CDYL2,hypo
301,Celf3,74641324,CELF3,hypo
305,Cep72,74988742,CEP72,hypo
311,Chgb,70743886,CHGB,hypo
314,Chn2,74881162,CHN2,hypo
315,Chrd,257,CHRD,hypo
317,Chrnb3,70436747,CHRNB3,hypo
318,Chrne,75888738,CHRNE,hypo
319,Chst12,74881144,CHST12,hypo
320,Chst8,72080187,CHST8,hypo
327,Clec11a,112195815,CLEC11A,hypo
330,Clk2,356286,CLK2,hypo
332,Clock,273,CLOCK,hypo
335,Clvs2,71924374,CLVS2,hypo
343,Cnr1,283,CNR1,hypo
346,Cntn1,414,CNTN1,hypo
351,Col19a1,74658066,COL19A1,hypo
352,Col23a1,73636092,COL23A1,hypo
354,Col5a1,75147768,COL5A1,hypo
355,Col6a1,290,COL6A1,hypo
361,Cpne6,73769322,CPNE6,hypo
367,Crat,2119,CRAT,hypo
372,Crlf3,112195365,CRLF3,hypo
378,Cry2,302,CRY2,hypo
380,Crym,73592526,CRYM,hypo
381,Csk,75651192,CSK,hypo
391,Cux1,79556618,CUX1,hypo
396,Cyb5a,75043146,CYB5A,hypo
397,Cygb,72103830,CYGB,hypo
398,Cyhr1,77414565,CYHR1,hypo
399,Cyp26b1,72081548,CYP26B1,hypo
403,Cyp39a1,71836847,CYP39A1,hypo
413,Dbh,326,DBH,hypo
414,Dbp,1193,DBP,hypo
420,Ddx26b,75988610,DDX26B,hypo
425,Decr2,71924363,DECR2,hypo
432,Dgkg,343,DGKG,hypo
433,Dhdds,70612728,DHDDS,hypo
443,Disp2,74511801,DISP2,hypo
450,Dnajc12,73718054,DNAJC12,hypo
453,Dnal4,74047778,DNAL4,hypo
457,Dok4,1486,DOK4,hypo
458,Dopey2,31,DOPEY2,hypo
459,Dpf3,72129252,DPF3,hypo
464,Dtx1,2167,DTX1,hypo
468,Dusp4,72472788,DUSP4,hypo
472,E4f1,1199,E4F1,hypo
478,Edc3,77414911,EDC3,hypo
482,Efnb2,72079959,EFNB2,hypo
483,Egr4,74800827,EGR4,hypo
484,Ehbp1l1,73817932,EHBP1L1,hypo
493,Elk1,2185,ELK1,hypo
502,Eomes,80516770,EOMES,hypo
506,Ephb3,1492,EPHB3,hypo
509,Eps8l2,74658244,EPS8L2,hypo
512,Erp29,72007751,ERP29,hypo
513,Esr2,71670737,ESR2,hypo
514,Esyt3,72472780,ESYT3,hypo
517,Exoc6,73817986,EXOC6,hypo
520,Exph5,75080619,EXPH5,hypo
525,Fabp5,70634396,FABP5,hypo
526,Fabp7,72104184,FABP7,hypo
530,Fam102b,73520819,FAM102B,hypo
531,Fam105a,74819326,FAM105A,hypo
546,Fam184a,74363348,FAM184A,hypo
553,Fam78b,72472750,FAM78B,hypo
554,Fam89b,1898,FAM89B,hypo
563,Fbxl5,422,FBXL5,hypo
566,Fbxo21,70634119,FBXO21,hypo
570,Fbxo44,77340498,FBXO44,hypo
579,Fem1a,2212,FEM1A,hypo
589,Flrt3,73931404,FLRT3,hypo
596,Foxred2,74363342,FOXRED2,hypo
600,Frmd6,73931382,FRMD6,hypo
603,Fstl5,72283812,FSTL5,hypo
610,Fxyd6,73592534,FXYD6,hypo
611,Fzd1,2239,FZD1,hypo
612,Gabbr2,71247614,GABBR2,hypo
613,Gabra6,75551467,GABRA6,hypo
615,Gabrg3,71587875,GABRG3,hypo
619,Galnt13,72472803,GALNT13,hypo
621,Galnt9,73817422,GALNT9,hypo
622,Garnl3,73994668,GARNL3,hypo
623,Gchfr,74511806,GCHFR,hypo
624,Gckr,74274683,GCKR,hypo
628,Gdap1l1,75774676,GDAP1L1,hypo
631,Gfpt2,74425526,GFPT2,hypo
634,Gipc2,74658141,GIPC2,hypo
636,Glcci1,74425568,GLCCI1,hypo
637,Glce,74641306,GLCE,hypo
638,Gldc,74658091,GLDC,hypo
642,Glra2,73636121,GLRA2,hypo
643,Glrx,73931409,GLRX,hypo
650,Gnpnat1,2267,GNPNAT1,hypo
652,Golga7b,76097699,GOLGA7B,hypo
660,Gpr162,74658160,GPR162,hypo
661,Gpr171,72007564,GPR171,hypo
662,Gpr173,74724531,GPR173,hypo
666,Gpr83,72338696,GPR83,hypo
667,Gpr98,72081561,GPR98,hypo
669,Gprin1,75077243,GPRIN1,hypo
673,Grb7,112204995,GRB7,hypo
675,Gria1,79591719,GRIA1,hypo
676,Gria4,71358628,GRIA4,hypo
677,Grid2,71247617,GRID2,hypo
678,Grik2,71247618,GRIK2,hypo
679,Grik5,75551459,GRIK5,hypo
680,Grin2c,75888748,GRIN2C,hypo
681,Grina,1948,GRINA,hypo
685,Grm1,537,GRM1,hypo
689,Gsta4,77278951,GSTA4,hypo
691,Gtf2f1,67870080,GTF2F1,hypo
692,Gtf2h4,1458,GTF2H4,hypo
702,Hdac6,74819462,HDAC6,hypo
705,Hectd2,2002,HECTD2,hypo
714,Hist1h1b,74272040,HIST1H1B,hypo
716,Hist1h2bc,560,HIST1H2BC,hypo
718,Hist1h2bg,73769308,HIST1H2BG,hypo
737,Hpcal1,74581395,HPCAL1,hypo
738,Hpcal4,73520985,HPCAL4,hypo
741,Hs3st1,2305,HS3ST1,hypo
749,Hspb7,579,HSPB7,hypo
759,Iffo2,322962,IFFO2,hypo
763,Igsf21,74357578,IGSF21,hypo
768,Il16,71064290,IL16,hypo
770,Ilf3,74425549,ILF3,hypo
781,Inpp5j,71670686,INPP5J,hypo
791,Itga3,598,ITGA3,hypo
792,Itgbl1,74988458,ITGBL1,hypo
793,Itpka,79589520,ITPKA,hypo
798,Jup,74425547,JUP,hypo
800,Kcnab3,73817925,KCNAB3,hypo
801,Kcnd3,75147766,KCND3,hypo
802,Kcng1,77340480,KCNG1,hypo
803,Kcnh1,73636099,KCNH1,hypo
804,Kcnh7,70562103,KCNH7,hypo
806,Kcnj3,72340132,KCNJ3,hypo
807,Kcnj6,609,KCNJ6,hypo
808,Kcnk1,67850952,KCNK1,hypo
810,Kcnk13,1762,KCNK13,hypo
812,Kcnn2,77371815,KCNN2,hypo
814,Kctd12,73520993,KCTD12,hypo
816,Kctd6,74357550,KCTD6,hypo
817,Kctd8,71670722,KCTD8,hypo
840,Kif5c,74511818,KIF5C,hypo
841,Kifc2,614,KIFC2,hypo
846,Klhl1,73520995,KLHL1,hypo
853,Klk10,70928269,KLK10,hypo
861,L1cam,620,L1CAM,hypo
864,Lamb1,71670482,LAMB1,hypo
865,Lamc1,77868319,LAMC1,hypo
866,Lcat,75042269,LCAT,hypo
877,Lig1,637,LIG1,hypo
880,Lin7a,73520997,LIN7A,hypo
886,Lnx2,75041516,LNX2,hypo
895,Lrrc38,72340184,LRRC38,hypo
896,Lrrc3b,74881145,LRRC3B,hypo
897,Lrrc4,75041463,LRRC4,hypo
900,Lrsam1,74583161,LRSAM1,hypo
904,Ltk,75988666,LTK,hypo
906,Lxn,72340108,LXN,hypo
907,Ly6e,79587728,LY6E,hypo
909,Lyst,73994715,LYST,hypo
910,Lztr1,74047877,LZTR1,hypo
925,Map3k19,75988578,MAP3K19,hypo
926,Map4k3,657,MAP4K3,hypo
927,Mapk11,74357574,MAPK11,hypo
928,Mapk12,75988492,MAPK12,hypo
929,Mapk14,2399,MAPK14,hypo
930,Mapk8,71063715,MAPK8,hypo
942,Mcm6,71358638,MCM6,hypo
946,Mdk,1227,MDK,hypo
949,Med23,112649261,MED23,hypo
950,Med26,73992934,MED26,hypo
952,Megf11,74357580,MEGF11,hypo
953,Meis1,74047866,MEIS1,hypo
960,Mgat2,74988614,MGAT2,hypo
962,Mical2,71249740,MICAL2,hypo
968,Mlx,227539,MLX,hypo
969,Mmp16,72129244,MMP16,hypo
972,Morc3,1311,MORC3,hypo
977,Mpp3,71920520,MPP3,hypo
992,Mxd4,67810541,MXD4,hypo
1000,Myo16,73520969,MYO16,hypo
1002,Myo5c,75042249,MYO5C,hypo
1004,Myt1,71924077,MYT1,hypo
1008,Nab1,70743878,NAB1,hypo
1021,Ncaph2,355887,NCAPH2,hypo
1027,Ndst3,75041473,NDST3,hypo
1030,Nek2,75042263,NEK2,hypo
1031,Neurod1,75650865,NEUROD1,hypo
1032,Neurod2,75651126,NEUROD2,hypo
1033,Neurod6,698,NEUROD6,hypo
1035,Nfib,1555,NFIB,hypo
1037,Nfkbie,2425,NFKBIE,hypo
1045,Nkiras2,2429,NKIRAS2,hypo
1052,Nol4,76115737,NOL4,hypo
1053,Nos1ap,77280574,NOS1AP,hypo
1055,Npdc1,715,NPDC1,hypo
1060,Nptx1,73520998,NPTX1,hypo
1063,Nr2f6,112645600,NR2F6,hypo
1064,Nr4a3,73615793,NR4A3,hypo
1066,Nrf1,2438,NRF1,hypo
1068,Nrip1,739,NRIP1,hypo
1069,Nrk,75084477,NRK,hypo
1070,Nrn1,75147760,NRN1,hypo
1072,Nrxn3,71587783,NRXN3,hypo
1075,Nt5dc2,73817984,NT5DC2,hypo
1076,Ntf3,2440,NTF3,hypo
1077,Ntrk3,76115738,NTRK3,hypo
1079,Nudc,2442,NUDC,hypo
1090,Nvl,5,NVL,hypo
1091,Nxf1,356089,NXF1,hypo
1094,Nxph3,356852,NXPH3,hypo
1097,Olfm1,760,OLFM1,hypo
1101,P2rx4,75551474,P2RX4,hypo
1109,Pak6,75084501,PAK6,hypo
1110,Pak7,75988567,PAK7,hypo
1112,Panx2,74581443,PANX2,hypo
1115,Pappa2,276066,PAPPA2,hypo
1123,Pax6,764,PAX6,hypo
1131,Pcdhac1,73512189,PCDHAC1,hypo
1137,Pck2,71836804,PCK2,hypo
1142,Pde1a,782,PDE1A,hypo
1144,Pde4dip,1994,PDE4DIP,hypo
1152,Pdlim2,2476,PDLIM2,hypo
1155,Pdxdc1,77869146,PDXDC1,hypo
1159,Peg10,74357549,PEG10,hypo
1160,Per2,793,PER2,hypo
1177,Pik3r3,74583163,PIK3R3,hypo
1181,Pim2,32583,PIM2,hypo
1182,Pip5k1b,74425520,PIP5K1B,hypo
1186,Pkia,805,PKIA,hypo
1188,Pkig,2483,PKIG,hypo
1190,Pknox2,76135815,PKNOX2,hypo
1194,Plch2,74724786,PLCH2,hypo
1197,Plekhg5,74881855,PLEKHG5,hypo
1201,Plk1,2487,PLK1,hypo
1203,Plxnb2,1263,PLXNB2,hypo
1204,Plxnc1,820,PLXNC1,hypo
1209,Pnrc1,2501,PNRC1,hypo
1211,Podxl2,74047921,PODXL2,hypo
1221,Polr1e,75774108,POLR1E,hypo
1244,Pqbp1,1520,PQBP1,hypo
1254,Prkar2a,77332735,PRKAR2A,hypo
1255,Prkcd,70301274,PRKCD,hypo
1256,Prkcz,841,PRKCZ,hypo
1257,Prkg1,73521817,PRKG1,hypo
1260,Prokr2,74511780,PROKR2,hypo
1263,Prpf6,67850946,PRPF6,hypo
1264,Prph,70232000,PRPH,hypo
1265,Prpsap2,293663,PRPSAP2,hypo
1273,Psd3,73636030,PSD3,hypo
1277,Ptchd1,71249749,PTCHD1,hypo
1281,Ptpn2,77413686,PTPN2,hypo
1283,Ptprr,74882784,PTPRR,hypo
1285,Purb,75080632,PURB,hypo
1296,Rab12,74988626,RAB12,hypo
1302,Rab3ip,71717136,RAB3IP,hypo
1303,Rab43,73929886,RAB43,hypo
1304,Rad23b,881,RAD23B,hypo
1309,Raf1,1816,RAF1,hypo
1311,Rapgef6,75041528,RAPGEF6,hypo
1312,Rarg,130913,RARG,hypo
1314,Rasa2,73512192,RASA2,hypo
1317,Rasl11b,71717137,RASL11B,hypo
1319,Raver2,72128776,RAVER2,hypo
1325,Rbm4,888,RBM4,hypo
1333,Rcn1,79591573,RCN1,hypo
1334,Rcor1,74819517,RCOR1,hypo
1337,Recql4,75084132,RECQL4,hypo
1339,Reln,890,RELN,hypo
1344,Rfc5,74882798,RFC5,hypo
1345,Rftn1,71920515,RFTN1,hypo
1346,Rfwd2,75080751,RFWD2,hypo
1358,Rmnd1,77371805,RMND1,hypo
1363,Rnf115,70743900,RNF115,hypo
1364,Rnf122,275875,RNF122,hypo
1371,Rnf219,276273,RNF219,hypo
1392,Rps15a,74357560,RPS15A,hypo
1393,Rps21,74425523,RPS21,hypo
1396,Rps5,77868800,RPS5,hypo
1401,Rragd,73929582,RRAGD,hypo
1409,Rspo1,73636101,RSPO1,hypo
1413,Rtn1,70928293,RTN1,hypo
1417,Ryk,2541,RYK,hypo
1421,Samd14,73930839,SAMD14,hypo
1424,Sart3,74819691,SART3,hypo
1426,Sbno1,930,SBNO1,hypo
1430,Scn5a,73907501,SCN5A,hypo
1432,Scnn1g,1918,SCNN1G,hypo
1433,Scrn1,74357551,SCRN1,hypo
1434,Scube2,71924235,SCUBE2,hypo
1435,Sdccag3,2075,SDCCAG3,hypo
1442,Sema6c,75080151,SEMA6C,hypo
1444,Sesn1,70231304,SESN1,hypo
1445,Setbp1,1532,SETBP1,hypo
1449,Sez6,71063725,SEZ6,hypo
1453,Sgcz,74749942,SGCZ,hypo
1455,Sgsm1,73521821,SGSM1,hypo
1459,Sh3gl2,74581397,SH3GL2,hypo
1464,Shoc2,73519850,SHOC2,hypo
1468,Sidt1,71587812,SIDT1,hypo
1475,Slc17a7,70436317,SLC17A7,hypo
1483,Slc26a10,74273116,SLC26A10,hypo
1489,Slc35a1,2605,SLC35A1,hypo
1490,Slc35f3,75084156,SLC35F3,hypo
1492,Slc36a1,75041491,SLC36A1,hypo
1498,Slc6a7,71016653,SLC6A7,hypo
1500,Slc8a2,74581450,SLC8A2,hypo
1501,Slit3,73929858,SLIT3,hypo
1502,Slitrk4,74882938,SLITRK4,hypo
1503,Sln,74425522,SLN,hypo
1513,Sms,74819260,SMS,hypo
1516,Snap25,1854,SNAP25,hypo
1517,Snca,986,SNCA,hypo
1521,Sobp,71920521,SOBP,hypo
1522,Socs5,74274685,SOCS5,hypo
1525,Sp8,74272904,SP8,hypo
1535,Sphkap,76085749,SPHKAP,hypo
1536,Spint1,70813908,SPINT1,hypo
1539,Sprn,73512367,SPRN,hypo
1549,Srgap3,316,SRGAP3,hypo
1554,Sstr2,77371821,SSTR2,hypo
1557,St6galnac6,74047902,ST6GALNAC6,hypo
1559,St8sia5,72081445,ST8SIA5,hypo
1560,Stac,73788116,STAC,hypo
1569,Stx1a,2645,STX1A,hypo
1570,Stx3,74047924,STX3,hypo
1572,Sult1a1,75774114,SULT1A1,hypo
1577,Suv39h2,1538,SUV39H2,hypo
1579,Sv2b,72104171,SV2B,hypo
1584,Syne2,74640880,SYNE2,hypo
1586,Syt12,1291,SYT12,hypo
1587,Syt13,1020,SYT13,hypo
1588,Syt4,2651,SYT4,hypo
1590,Sytl2,73520979,SYTL2,hypo
1605,Tbc1d9,72079987,TBC1D9,hypo
1609,Tcerg1l,75041511,TCERG1L,hypo
1610,Tcf19,2659,TCF19,hypo
1611,Tcf4,1044,TCF4,hypo
1621,Terf2ip,112196711,TERF2IP,hypo
1623,Tfap2a,2661,TFAP2A,hypo
1631,Thap1,44,THAP1,hypo
1633,Thpo,2671,THPO,hypo
1634,Thra,79912542,THRA,hypo
1636,Tiam1,1059,TIAM1,hypo
1644,Tle3,2681,TLE3,hypo
1645,Tll1,74272905,TLL1,hypo
1646,Tm6sf1,71836883,TM6SF1,hypo
1651,Tmed3,71015196,TMED3,hypo
1653,Tmem108,71358589,TMEM108,hypo
1654,Tmem159,76135828,TMEM159,hypo
1658,Tmem2,1409,TMEM2,hypo
1660,Tmem25,71670700,TMEM25,hypo
1665,Tmem63c,76115724,TMEM63C,hypo
1666,Tmem74,74881364,TMEM74,hypo
1668,Tmie,74957868,TMIE,hypo
1673,Tnfrsf25,121096,TNFRSF25,hypo
1689,Traip,77887842,TRAIP,hypo
1692,Trhde,75774669,TRHDE,hypo
1693,Trib2,71587811,TRIB2,hypo
1697,Trim28,1071,TRIM28,hypo
1698,Trim3,73732147,TRIM3,hypo
1712,Tsc2,1431,TSC2,hypo
1713,Tsc22d3,74581366,TSC22D3,hypo
1715,Tshz1,72129289,TSHZ1,hypo
1717,Tspan33,70743905,TSPAN33,hypo
1719,Tspan5,74657928,TSPAN5,hypo
1721,Tspyl2,73817931,TSPYL2,hypo
1726,Ttc9b,71249081,TTC9B,hypo
1728,Ttyh3,74988711,TTYH3,hypo
1733,Twf2,73732148,TWF2,hypo
1738,Tyro3,72119607,TYRO3,hypo
1740,Uap1,70743895,UAP1,hypo
1743,Ubash3b,74581370,UBASH3B,hypo
1744,Ube2i,45666,UBE2I,hypo
1746,Ube2ql1,71249083,UBE2QL1,hypo
1751,Ubtf,74988738,UBTF,hypo
1757,Unc13c,2707,UNC13C,hypo
1759,Unc5d,71924239,UNC5D,hypo
1764,Usp22,74957911,USP22,hypo
1772,Vcan,73520975,VCAN,hypo
1774,Vdr,112204135,VDR,hypo
1775,Veph1,74988352,VEPH1,hypo
1787,Vsnl1,1106,VSNL1,hypo
1788,Wbscr17,1934,WBSCR17,hypo
1808,Xk,71670735,XK,hypo
1826,Zbtb48,1940,ZBTB48,hypo
1831,Zcchc12,73817424,ZCCHC12,hypo
1834,Zdbf2,74047400,ZDBF2,hypo
1838,Zfand2b,71836831,ZFAND2B,hypo
1843,Zfpm2,71358673,ZFPM2,hypo
1845,Zfyve28,75934919,ZFYVE28,hypo
1848,Zim2,76135811,ZIM2,hypo
1849,Zmiz1,74988259,ZMIZ1,hypo
1946,Zscan22,247974,ZSCAN22,hypo
1959,Abat,72079931,ABAT,hyper
1965,Abcb6,67881549,ABCB6,hyper
1967,Abcc4,75042241,ABCC4,hyper
1971,Abcd1,356086,ABCD1,hyper
1977,Abhd6,74047923,ABHD6,hyper
1980,Ablim2,73636039,ABLIM2,hyper
1985,Acaa2,71924375,ACAA2,hyper
1988,Acan,72128777,ACAN,hyper
1991,Ace,72109489,ACE,hyper
1994,Ache,70301082,ACHE,hyper
1999,Acot13,75042252,ACOT13,hyper
2005,Acsbg1,369,ACSBG1,hyper
2007,Acsl3,75042266,ACSL3,hyper
2008,Acsl5,73931635,ACSL5,hyper
2009,Acsl6,71836810,ACSL6,hyper
2011,Actb,74881516,ACTB,hyper
2017,Actr2,67,ACTR2,hyper
2019,Acvr1c,71250307,ACVR1C,hyper
2020,Acvrl1,79488929,ACVRL1,hyper
2021,Acyp2,73930820,ACYP2,hyper
2028,Adam33,75147767,ADAM33,hyper
2030,Adamts1,69,ADAMTS1,hyper
2032,Adamts19,73635973,ADAMTS19,hyper
2033,Adamts4,71836845,ADAMTS4,hyper
2036,Adamtsl5,71063847,ADAMTSL5,hyper
2037,Adap1,74658055,ADAP1,hyper
2039,Adarb2,73925721,ADARB2,hyper
2041,Adcy2,73,ADCY2,hyper
2042,Adcy3,75,ADCY3,hyper
2043,Adcy5,79,ADCY5,hyper
2044,Adcy7,2017,ADCY7,hyper
2045,Adcy9,83,ADCY9,hyper
2046,Adcyap1,74511882,ADCYAP1,hyper
2051,Adipor1,61210,ADIPOR1,hyper
2053,Adk,70928196,ADK,hyper
2054,Adm,74819251,ADM,hyper
2057,Adora2a,72109410,ADORA2A,hyper
2060,Adra1d,72119628,ADRA1D,hyper
2062,Adrb1,77340494,ADRB1,hyper
2064,Adssl1,72104185,ADSSL1,hyper
2068,Agap3,2089,AGAP3,hyper
2073,Agpat3,85,AGPAT3,hyper
2075,Agps,74819325,AGPS,hyper
2076,Agrn,73925722,AGRN,hyper
2079,Ahcyl2,73929896,AHCYL2,hyper
2080,Ahsa2,71358552,AHSA2,hyper
2082,Aifm3,74724774,AIFM3,hyper
2084,Aire,1327,AIRE,hyper
2085,Ajap1,71717560,AJAP1,hyper
2089,Akap13,74581373,AKAP13,hyper
2099,Alcam,70928271,ALCAM,hyper
2101,Aldh2,74819240,ALDH2,hyper
2105,Aldh5a1,77925007,ALDH5A1,hyper
2110,Aldob,79588294,ALDOB,hyper
2111,Alg1,70616016,ALG1,hyper
2114,Alg5,75774105,ALG5,hyper
2117,Alk,77371829,ALK,hyper
2119,Alkbh6,77414882,ALKBH6,hyper
2127,Amigo2,71250310,AMIGO2,hyper
2129,Amot,74425553,AMOT,hyper
2130,Amotl1,75038463,AMOTL1,hyper
2132,Ampd3,77371807,AMPD3,hyper
2138,Ank2,71924087,ANK2,hyper
2145,Ankrd24,80343396,ANKRD24,hyper
2148,Ankrd34b,72128747,ANKRD34B,hyper
2154,Anln,33,ANLN,hyper
2155,Ano2,71587834,ANO2,hyper
2158,Ano6,71924067,ANO6,hyper
2162,Anxa1,70813897,ANXA1,hyper
2163,Anxa2,70928384,ANXA2,hyper
2164,Anxa3,72283800,ANXA3,hyper
2165,Anxa4,70436730,ANXA4,hyper
2166,Anxa5,79488933,ANXA5,hyper
2167,Anxa6,77332100,ANXA6,hyper
2169,Ap2b1,96,AP2B1,hyper
2172,Apbb2,72128788,APBB2,hyper
2173,Apc,74881517,APC,hyper
2180,Apln,67850953,APLN,hyper
2190,App,106,APP,hyper
2192,Aqp4,108,AQP4,hyper
2195,Ar,2039,AR,hyper
2196,Arap2,74881937,ARAP2,hyper
2197,Arfgef2,79912574,ARFGEF2,hyper
2202,Arhgap25,72128789,ARHGAP25,hyper
2204,Arhgef10,77280329,ARHGEF10,hyper
2209,Arhgef6,74881547,ARHGEF6,hyper
2210,Arid5a,75042267,ARID5A,hyper
2215,Arl2,74819344,ARL2,hyper
2217,Arl6ip5,75651232,ARL6IP5,hyper
2221,Armc2,74988750,ARMC2,hyper
2226,Arnt2,71358590,ARNT2,hyper
2230,Arsa,75749415,ARSA,hyper
2235,Asap1,73512377,ASAP1,hyper
2237,Asb13,72081558,ASB13,hyper
2241,Asb4,71358591,ASB4,hyper
2242,Ascl1,73817423,ASCL1,hyper
2243,Ascl2,1156,ASCL2,hyper
2245,Aspa,77371803,ASPA,hyper
2251,Astn2,74047748,ASTN2,hyper
2257,Atf3,70814344,ATF3,hyper
2259,Atg12,74881536,ATG12,hyper
2264,Atic,72077466,ATIC,hyper
2268,Atp10a,72128790,ATP10A,hyper
2269,Atp10b,73635826,ATP10B,hyper
2271,Atp11a,75043137,ATP11A,hyper
2272,Atp11c,74047410,ATP11C,hyper
2274,Atp13a5,74658053,ATP13A5,hyper
2277,Atp2a2,74881549,ATP2A2,hyper
2278,Atp2b1,77280449,ATP2B1,hyper
2287,Atp5o,1158,ATP5O,hyper
2288,Atp5s,323589,ATP5S,hyper
2289,Atp5sl,75773705,ATP5SL,hyper
2291,Atp6v0a1,126,ATP6V0A1,hyper
2293,Atp6v1d,74047915,ATP6V1D,hyper
2294,Atp6v1e1,655501,ATP6V1E1,hyper
2298,Atpaf1,77280419,ATPAF1,hyper
2300,Atxn1,932,ATXN1,hyper
2304,Auts2,79591687,AUTS2,hyper
2308,Azin1,74047917,AZIN1,hyper
2309,B2m,71924291,B2M,hyper
2310,B3galt2,71064081,B3GALT2,hyper
2312,B3galt5,77280578,B3GALT5,hyper
2314,B3gat2,74658033,B3GAT2,hyper
2320,Baalc,73520964,BAALC,hyper
2322,Bace1,73520965,BACE1,hyper
2323,Bace2,143,BACE2,hyper
2325,Bag1,75043147,BAG1,hyper
2331,Baz1a,73635977,BAZ1A,hyper
2338,Bcap29,104826,BCAP29,hyper
2340,Bcas1,77371831,BCAS1,hyper
2341,Bcat1,71016665,BCAT1,hyper
2342,Bche,74881889,BCHE,hyper
2347,Bcl2l11,74658243,BCL2L11,hyper
2348,Bcl2l12,71064289,BCL2L12,hyper
2353,Bcl7b,1601,BCL7B,hyper
2355,Bdh2,70806049,BDH2,hyper
2357,Bend5,74583139,BEND5,hyper
2358,Bend6,77280313,BEND6,hyper
2361,Bhlhe40,356488,BHLHE40,hyper
2362,Bhlhe41,73521802,BHLHE41,hyper
2371,Bmp7,2065,BMP7,hyper
2374,Bnip3,75077193,BNIP3,hyper
2375,Bok,71064032,BOK,hyper
2384,Bsg,166,BSG,hyper
2391,Btg3,168,BTG3,hyper
2395,Bves,74511935,BVES,hyper
2396,Bzw1,324215,BZW1,hyper
2442,C1ql2,71587929,C1QL2,hyper
2471,C2cd2,1986,C2CD2,hyper
2506,Cab39l,77371789,CAB39L,hyper
2509,Cachd1,72119579,CACHD1,hyper
2511,Cacna1e,74988669,CACNA1E,hyper
2512,Cacna1h,72119638,CACNA1H,hyper
2513,Cacna1i,74512007,CACNA1I,hyper
2514,Cacna2d3,79591395,CACNA2D3,hyper
2518,Cacng4,72119652,CACNG4,hyper
2519,Cacng8,72108823,CACNG8,hyper
2522,Calm2,182,CALM2,hyper
2524,Camk2a,79490122,CAMK2A,hyper
2525,Camk2g,189,CAMK2G,hyper
2527,Camkv,70743867,CAMKV,hyper
2530,Cap1,323396,CAP1,hyper
2531,Cap2,70436737,CAP2,hyper
2541,Carhsp1,73512493,CARHSP1,hyper
2543,Cartpt,72077479,CARTPT,hyper
2551,Casp9,1681,CASP9,hyper
2553,Cast,70928199,CAST,hyper
2558,Cbln2,70231306,CBLN2,hyper
2579,Ccdc37,74581372,CCDC37,hyper
2583,Ccdc65,74724776,CCDC65,hyper
2587,Ccdc85a,75081006,CCDC85A,hyper
2590,Ccdc88c,74363346,CCDC88C,hyper
2592,Ccdc91,74818623,CCDC91,hyper
2593,Ccdc92,74658111,CCDC92,hyper
2606,Cd109,73931384,CD109,hyper
2607,Cd164,75749771,CD164,hyper
2615,Cd34,74047898,CD34,hyper
2619,Cd4,74819249,CD4,hyper
2620,Cd44,224,CD44,hyper
2626,Cd63,73992715,CD63,hyper
2628,Cd81,226,CD81,hyper
2631,Cd9,73520971,CD9,hyper
2632,Cd97,112646460,CD97,hyper
2638,Cdc27,293466,CDC27,hyper
2642,Cdc42ep1,70814345,CDC42EP1,hyper
2646,Cdh11,232,CDH11,hyper
2647,Cdh13,234,CDH13,hyper
2649,Cdh2,236,CDH2,hyper
2651,Cdh24,70231307,CDH24,hyper
2652,Cdh6,238,CDH6,hyper
2653,Cdh8,79568026,CDH8,hyper
2661,Cdkl5,75042239,CDKL5,hyper
2662,Cdkn1a,2085,CDKN1A,hyper
2665,Cdkn2c,1683,CDKN2C,hyper
2666,Cdkn2d,1603,CDKN2D,hyper
2669,Cds1,72103808,CDS1,hyper
2670,Cds2,250,CDS2,hyper
2676,Cebpa,80343361,CEBPA,hyper
2680,Celsr3,74724639,CELSR3,hyper
2700,Cgnl1,72008123,CGNL1,hyper
2706,Chd6,77340492,CHD6,hyper
2709,Chga,2093,CHGA,hyper
2714,Chl1,74272476,CHL1,hyper
2715,Chml,74047442,CHML,hyper
2723,Chrm3,2095,CHRM3,hyper
2724,Chrm4,261,CHRM4,hyper
2725,Chrna2,75551460,CHRNA2,hyper
2726,Chrna4,1173,CHRNA4,hyper
2727,Chrnb2,2097,CHRNB2,hyper
2728,Chst1,71836872,CHST1,hyper
2729,Chst11,73931625,CHST11,hyper
2731,Chst15,70613978,CHST15,hyper
2734,Ciao1,2051,CIAO1,hyper
2736,Cidea,73992929,CIDEA,hyper
2741,Cirh1a,77925143,CIRH1A,hyper
2742,Cit,75079801,CIT,hyper
2749,Cldn11,77280580,CLDN11,hyper
2752,Cldn5,79490120,CLDN5,hyper
2760,Clic4,73769125,CLIC4,hyper
2761,Clic5,73636094,CLIC5,hyper
2763,Clip2,2137,CLIP2,hyper
2764,Clip4,75774680,CLIP4,hyper
2765,Clmn,73931626,CLMN,hyper
2769,Clptm1l,1675,CLPTM1L,hyper
2773,Cmtm3,2099,CMTM3,hyper
2774,Cmtm4,2101,CMTM4,hyper
2782,Cnksr3,74273121,CNKSR3,hyper
2784,Cnnm1,73992930,CNNM1,hyper
2786,Cnp,1175,CNP,hyper
2789,Cntnap2,544712,CNTNAP2,hyper
2793,Coch,71717614,COCH,hyper
2796,Col11a1,71064195,COL11A1,hyper
2797,Col15a1,74511791,COL15A1,hyper
2798,Col16a1,74273122,COL16A1,hyper
2803,Col25a1,71924301,COL25A1,hyper
2807,Col4a5,73992932,COL4A5,hyper
2808,Col6a2,1177,COL6A2,hyper
2809,Col9a2,74750022,COL9A2,hyper
2810,Col9a3,70928304,COL9A3,hyper
2813,Copa,1689,COPA,hyper
2814,Copb2,1341,COPB2,hyper
2818,Copz2,275874,COPZ2,hyper
2819,Coro2b,72077454,CORO2B,hyper
2820,Coro6,77280432,CORO6,hyper
2822,Cort,72472766,CORT,hyper
2823,Cotl1,72472769,COTL1,hyper
2829,Cpeb1,72472770,CPEB1,hyper
2830,Cplx1,67752308,CPLX1,hyper
2832,Cpne2,70743844,CPNE2,hyper
2834,Cpne5,544709,CPNE5,hyper
2835,Cpne7,73817432,CPNE7,hyper
2840,Cpt1a,1478,CPT1A,hyper
2844,Crabp1,1179,CRABP1,hyper
2850,Creg2,74882195,CREG2,hyper
2852,Crh,292,CRH,hyper
2853,Crim1,72283807,CRIM1,hyper
2856,Crispld1,72077456,CRISPLD1,hyper
2857,Crtac1,75749739,CRTAC1,hyper
2859,Cryab,74357575,CRYAB,hyper
2873,Cspg5,73931385,CSPG5,hyper
2875,Csrp1,2129,CSRP1,hyper
2878,Cstb,1343,CSTB,hyper
2880,Ctnna2,74363355,CTNNA2,hyper
2882,Ctnnd1,74641320,CTNND1,hyper
2888,Ctsz,71015377,CTSZ,hyper
2895,Cux2,72128748,CUX2,hyper
2896,Cx3cl1,2135,CX3CL1,hyper
2899,Cxcl12,308,CXCL12,hyper
2900,Cxcl14,74272041,CXCL14,hyper
2906,Cyb561,71020402,CYB561,hyper
2915,Cyld,73992938,CYLD,hyper
2920,Cyp27a1,70634300,CYP27A1,hyper
2927,Cyp7b1,70927813,CYP7B1,hyper
2928,Cyr61,1191,CYR61,hyper
2930,Cystm1,75079788,CYSTM1,hyper
2933,Daam2,74511880,DAAM2,hyper
2934,Dach2,74819331,DACH2,hyper
2935,Dact2,71064219,DACT2,hyper
2937,Dad1,74819345,DAD1,hyper
2938,Dag1,355892,DAG1,hyper
2940,Dapk1,72472784,DAPK1,hyper
2946,Dbn1,70928198,DBN1,hyper
2947,Dbndd2,45668,DBNDD2,hyper
2952,Dcn,329,DCN,hyper
2963,Ddc,334,DDC,hyper
2964,Ddit4l,71836878,DDIT4L,hyper
2965,Ddn,73636031,DDN,hyper
2967,Ddr1,72472787,DDR1,hyper
2969,Ddx3x,337,DDX3X,hyper
2972,Decr1,74425550,DECR1,hyper
2978,Dennd5a,1526,DENND5A,hyper
2979,Depdc7,70743883,DEPDC7,hyper
2981,Dexi,73930841,DEXI,hyper
2982,Dffa,74819257,DFFA,hyper
2984,Dgat2,72077467,DGAT2,hyper
2986,Dgki,74658043,DGKI,hyper
2991,Dhrs3,112650553,DHRS3,hyper
3001,Diras1,72103819,DIRAS1,hyper
3003,Dirc2,72339397,DIRC2,hyper
3005,Dlat,70743896,DLAT,hyper
3011,Dlx3,350,DLX3,hyper
3019,Dmwd,2151,DMWD,hyper
3024,Dnajb1,71836748,DNAJB1,hyper
3040,Dner,1699,DNER,hyper
3044,Dock10,74047443,DOCK10,hyper
3047,Dock6,75041548,DOCK6,hyper
3050,Dok5,80343394,DOK5,hyper
3054,Dpp10,72104183,DPP10,hyper
3062,Dpysl5,73635770,DPYSL5,hyper
3065,Drd1,352,DRD1,hyper
3066,Drd2,357,DRD2,hyper
3070,Dscaml1,75041575,DSCAML1,hyper
3073,Dsel,71249745,DSEL,hyper
3078,Dusp1,324212,DUSP1,hyper
3080,Dusp18,70634129,DUSP18,hyper
3083,Dusp6,75650864,DUSP6,hyper
3091,Dynlt3,74425518,DYNLT3,hyper
3094,E2f1,2171,E2F1,hyper
3098,Ebf4,71020443,EBF4,hyper
3099,Ebpl,112650122,EBPL,hyper
3102,Ecel1,70231305,ECEL1,hyper
3108,Eepd1,70805895,EEPD1,hyper
3114,Efna1,308056322,EFNA1,hyper
3116,Efna5,383,EFNA5,hyper
3117,Efnb3,79556601,EFNB3,hyper
3124,Egr2,72128749,EGR2,hyper
3127,Eid1,74583118,EID1,hyper
3129,Eif2ak3,2181,EIF2AK3,hyper
3134,Eif5a2,73992947,EIF5A2,hyper
3141,Elmo1,70743907,ELMO1,hyper
3142,Elmod1,71924269,ELMOD1,hyper
3145,Elovl1,74882527,ELOVL1,hyper
3146,Elovl5,74273118,ELOVL5,hyper
3147,Elovl6,74425551,ELOVL6,hyper
3152,Emb,73930836,EMB,hyper
3157,Eml1,73992948,EML1,hyper
3162,En2,74988733,EN2,hyper
3164,Endod1,71015195,ENDOD1,hyper
3170,Enpp2,70613967,ENPP2,hyper
3173,Enpp6,74882555,ENPP6,hyper
3174,Entpd1,393,ENTPD1,hyper
3175,Entpd3,74511804,ENTPD3,hyper
3185,Ephb6,2191,EPHB6,hyper
3188,Epn3,74357584,EPN3,hyper
3189,Eps15,72080144,EPS15,hyper
3190,Eps8,1705,EPS8,hyper
3197,Erf,2195,ERF,hyper
3203,Ern2,72472798,ERN2,hyper
3206,Esr1,79591677,ESR1,hyper
3207,Esrra,1351,ESRRA,hyper
3209,Esrrg,73616033,ESRRG,hyper
3212,Etfa,74581380,ETFA,hyper
3216,Ets1,2199,ETS1,hyper
3218,Etv6,1353,ETV6,hyper
3222,Evi5,71670743,EVI5,hyper
3232,Extl2,70613979,EXTL2,hyper
3233,Eya1,73818759,EYA1,hyper
3234,Eya2,70743234,EYA2,hyper
3235,Eya4,77280436,EYA4,hyper
3240,Fa2h,74882584,FA2H,hyper
3245,Fam107b,71015800,FAM107B,hyper
3253,Fam120c,74581430,FAM120C,hyper
3255,Fam124a,72472790,FAM124A,hyper
3261,Fam134b,70634224,FAM134B,hyper
3262,Fam135b,74581399,FAM135B,hyper
3263,Fam136a,1964,FAM136A,hyper
3269,Fam171a1,72283797,FAM171A1,hyper
3276,Fam184b,73636151,FAM184B,hyper
3279,Fam189a1,72340182,FAM189A1,hyper
3280,Fam196a,75042243,FAM196A,hyper
3281,Fam19a4,72472752,FAM19A4,hyper
3284,Fam20a,70744517,FAM20A,hyper
3285,Fam20c,654929,FAM20C,hyper
3289,Fam49a,74425565,FAM49A,hyper
3293,Fam65a,75774668,FAM65A,hyper
3295,Fam69b,73635786,FAM69B,hyper
3297,Fam81a,73732150,FAM81A,hyper
3299,Fam84b,75081395,FAM84B,hyper
3306,Far2,71358652,FAR2,hyper
3310,Fat3,73992719,FAT3,hyper
3312,Fbln1,2205,FBLN1,hyper
3315,Fbn2,72472799,FBN2,hyper
3343,Fgd5,74357548,FGD5,hyper
3344,Fgf1,79556599,FGF1,hyper
3345,Fgf12,424,FGF12,hyper
3346,Fgf13,427,FGF13,hyper
3348,Fgfr2,445,FGFR2,hyper
3349,Fgfr4,1581,FGFR4,hyper
3351,Fhdc1,73925717,FHDC1,hyper
3354,Fign,72081550,FIGN,hyper
3355,Filip1l,74363347,FILIP1L,hyper
3357,Fjx1,1203,FJX1,hyper
3368,Flrt2,73931417,FLRT2,hyper
3369,Flt1,2224,FLT1,hyper
3375,Fn1,72119593,FN1,hyper
3377,Fndc3b,74988759,FNDC3B,hyper
3379,Fnta,2226,FNTA,hyper
3383,Fos,79912554,FOS,hyper
3391,Foxo1,71249055,FOXO1,hyper
3393,Foxp1,71249056,FOXP1,hyper
3394,Foxp2,72079884,FOXP2,hyper
3398,Fras1,73994667,FRAS1,hyper
3404,Frmpd1,73520978,FRMPD1,hyper
3405,Frmpd4,73931421,FRMPD4,hyper
3407,Fryl,70431430,FRYL,hyper
3408,Frzb,79556658,FRZB,hyper
3409,Fscn1,74658080,FSCN1,hyper
3411,Fstl1,71016596,FSTL1,hyper
3413,Fstl4,71717187,FSTL4,hyper
3421,Fxyd5,74819694,FXYD5,hyper
3424,Fzd4,2241,FZD4,hyper
3425,Fzd5,1500,FZD5,hyper
3426,Fzd8,470,FZD8,hyper
3427,Fzd9,73907498,FZD9,hyper
3429,Gaa,356090,GAA,hyper
3433,Gabra3,70562043,GABRA3,hyper
3434,Gabra5,72077453,GABRA5,hyper
3435,Gad1,479,GAD1,hyper
3436,Gad2,79591669,GAD2,hyper
3438,Gadd45b,70928374,GADD45B,hyper
3439,Gal,70231997,GAL,hyper
3443,Galm,2249,GALM,hyper
3446,Galnt14,72472804,GALNT14,hyper
3448,Galnt6,74882595,GALNT6,hyper
3449,Galntl6,74750013,GALNTL6,hyper
3450,Galr1,72283790,GALR1,hyper
3461,Gas6,72008122,GAS6,hyper
3462,Gata2,100,GATA2,hyper
3464,Gbe1,75042250,GBE1,hyper
3468,Gbx2,77868786,GBX2,hyper
3469,Gca,74641159,GCA,hyper
3474,Gde1,356858,GDE1,hyper
3476,Gem,73817928,GEM,hyper
3478,Gfap,1357,GFAP,hyper
3479,Gfra1,71064217,GFRA1,hyper
3491,Gipc1,67755429,GIPC1,hyper
3497,Gjb6,2261,GJB6,hyper
3501,Glg1,75042254,GLG1,hyper
3502,Gli3,1615,GLI3,hyper
3505,Glra3,73788474,GLRA3,hyper
3506,Glrb,498,GLRB,hyper
3509,Gls,500,GLS,hyper
3510,Glt8d2,71249079,GLT8D2,hyper
3513,Glud1,503,GLUD1,hyper
3515,Glul,74047918,GLUL,hyper
3516,Gm2a,74988549,GM2A,hyper
3517,Gmpr,74581368,GMPR,hyper
3520,Gnai2,2263,GNAI2,hyper
3521,Gnal,71670716,GNAL,hyper
3522,Gnao1,506,GNAO1,hyper
3523,Gnb1,61413,GNB1,hyper
3524,Gng11,1732,GNG11,hyper
3525,Gng12,72080065,GNG12,hyper
3542,Gpc5,74047712,GPC5,hyper
3543,Gpd1,74586667,GPD1,hyper
3544,Gpm6b,544520,GPM6B,hyper
3545,Gpr108,1619,GPR108,hyper
3548,Gpr115,71587931,GPR115,hyper
3549,Gpr116,73907496,GPR116,hyper
3550,Gpr12,73817425,GPR12,hyper
3551,Gpr123,71924056,GPR123,hyper
3552,Gpr126,73520982,GPR126,hyper
3554,Gpr133,74511759,GPR133,hyper
3559,Gpr156,74641322,GPR156,hyper
3561,Gpr161,70562045,GPR161,hyper
3562,Gpr17,74641313,GPR17,hyper
3565,Gpr26,70562057,GPR26,hyper
3566,Gpr3,74511769,GPR3,hyper
3567,Gpr37,2271,GPR37,hyper
3568,Gpr4,74724680,GPR4,hyper
3569,Gpr56,71015815,GPR56,hyper
3573,Gpr85,1738,GPR85,hyper
3574,Gpr88,79567811,GPR88,hyper
3575,Gprc5b,71836881,GPRC5B,hyper
3578,Gpt2,1657,GPT2,hyper
3581,Gramd3,74988591,GRAMD3,hyper
3584,Grb14,73997150,GRB14,hyper
3586,Grem2,73992910,GREM2,hyper
3589,Grid1,74724739,GRID1,hyper
3590,Grin1,1585,GRIN1,hyper
3591,Grin2b,74988710,GRIN2B,hyper
3592,Grin2d,75551479,GRIN2D,hyper
3593,Grip1,74988749,GRIP1,hyper
3594,Grm2,79591611,GRM2,hyper
3595,Grm3,539,GRM3,hyper
3596,Grm5,73512423,GRM5,hyper
3598,Grn,77371839,GRN,hyper
3601,Gsg1l,73636097,GSG1L,hyper
3603,Gsn,72081395,GSN,hyper
3605,Gstk1,72129245,GSTK1,hyper
3611,Gtf2i,2277,GTF2I,hyper
3616,Gucy1a3,77866848,GUCY1A3,hyper
3617,Guk1,2279,GUK1,hyper
3619,Gxylt2,73931405,GXYLT2,hyper
3628,Hadhb,76115729,HADHB,hyper
3629,Haghl,75259440,HAGHL,hyper
3631,Hapln4,71717078,HAPLN4,hyper
3633,Hars,554,HARS,hyper
3647,Hdgf,2285,HDGF,hyper
3648,Hdlbp,74819232,HDLBP,hyper
3651,Heatr5b,70560265,HEATR5B,hyper
3652,Hebp1,74988456,HEBP1,hyper
3654,Heg1,74958616,HEG1,hyper
3655,Hepacam,35,HEPACAM,hyper
3660,Hes1,556,HES1,hyper
3662,Hexim1,74273119,HEXIM1,hyper
3665,Hgf,558,HGF,hyper
3669,Hhip,71358556,HHIP,hyper
3671,Hiatl1,77414177,HIATL1,hyper
3679,Hip1,2293,HIP1,hyper
3681,Hist1h1a,74988764,HIST1H1A,hyper
3690,Hlf,565,HLF,hyper
3706,Hnf4a,1746,HNF4A,hyper
3718,Hrh2,74724750,HRH2,hyper
3723,Hs6st1,74819258,HS6ST1,hyper
3724,Hs6st2,72129255,HS6ST2,hyper
3725,Hs6st3,73520986,HS6ST3,hyper
3726,Hsbp1,74581381,HSBP1,hyper
3727,Hsd11b1,73520987,HSD11B1,hyper
3732,Hsdl2,74047906,HSDL2,hyper
3735,Hsp90b1,75042251,HSP90B1,hyper
3736,Hspa12a,74047899,HSPA12A,hyper
3742,Hspa4l,75749390,HSPA4L,hyper
3744,Hspb1,74363357,HSPB1,hyper
3746,Hspb6,74882616,HSPB6,hyper
3747,Hspb8,1181,HSPB8,hyper
3748,Hspbp1,75774674,HSPBP1,hyper
3754,Htr2c,73636098,HTR2C,hyper
3768,Id3,74724763,ID3,hyper
3771,Ids,73994671,IDS,hyper
3778,Ifit2,74988457,IFIT2,hyper
3779,Ifit3,74047911,IFIT3,hyper
3784,Ifnar1,588,IFNAR1,hyper
3791,Igf2,2313,IGF2,hyper
3796,Igfn1,75988547,IGFN1,hyper
3798,Igsf11,72103820,IGSF11,hyper
3799,Igsf3,72081517,IGSF3,hyper
3800,Igsf5,592,IGSF5,hyper
3804,Il10ra,75041443,IL10RA,hyper
3807,Il13ra1,74819256,IL13RA1,hyper
3809,Il17ra,73520990,IL17RA,hyper
3812,Il1rap,1462,IL1RAP,hyper
3824,Impa1,74641325,IMPA1,hyper
3826,Impact,594,IMPACT,hyper
3828,Impg2,74819536,IMPG2,hyper
3829,Ina,71836833,INA,hyper
3832,Inhba,70431432,INHBA,hyper
3833,Inhbb,73636087,INHBB,hyper
3836,Inpp1,67870434,INPP1,hyper
3837,Inpp4b,72080054,INPP4B,hyper
3838,Inpp5a,73994713,INPP5A,hyper
3864,Irf9,2329,IRF9,hyper
3870,Isoc1,73732145,ISOC1,hyper
3873,Isyna1,75145997,ISYNA1,hyper
3878,Itga5,74882636,ITGA5,hyper
3882,Itgb1,76115730,ITGB1,hyper
3885,Itgb8,73931631,ITGB8,hyper
3886,Itih3,600,ITIH3,hyper
3888,Itm2a,74881146,ITM2A,hyper
3889,Itm2c,67936207,ITM2C,hyper
3891,Itpk1,71923998,ITPK1,hyper
3892,Itpkb,73520992,ITPKB,hyper
3894,Itpr3,74047776,ITPR3,hyper
3898,Ivns1abp,70813898,IVNS1ABP,hyper
3902,Jam2,602,JAM2,hyper
3904,Jdp2,73930842,JDP2,hyper
3908,Junb,2335,JUNB,hyper
3911,Kank4,76085741,KANK4,hyper
3916,Kcna1,73994714,KCNA1,hyper
3918,Kcnab2,1754,KCNAB2,hyper
3919,Kcnb1,74047856,KCNB1,hyper
3920,Kcnb2,74581424,KCNB2,hyper
3921,Kcnc2,73512364,KCNC2,hyper
3924,Kcne4,74819245,KCNE4,hyper
3925,Kcnf1,71358578,KCNF1,hyper
3926,Kcng4,72081560,KCNG4,hyper
3927,Kcnh3,74641310,KCNH3,hyper
3931,Kcnh8,70562113,KCNH8,hyper
3934,Kcnj2,77874598,KCNJ2,hyper
3935,Kcnj4,74357568,KCNJ4,hyper
3936,Kcnj8,2343,KCNJ8,hyper
3938,Kcnk2,75147764,KCNK2,hyper
3944,Kcnn4,130911,KCNN4,hyper
3945,Kcnq3,70562114,KCNQ3,hyper
3946,Kcnq4,73635775,KCNQ4,hyper
3947,Kcns3,77371817,KCNS3,hyper
3950,Kctd16,73636009,KCTD16,hyper
3951,Kctd17,72340180,KCTD17,hyper
3954,Kctd9,70813924,KCTD9,hyper
3955,Kdelr1,130912,KDELR1,hyper
3957,Kdr,2347,KDR,hyper
3996,Kif5a,79556603,KIF5A,hyper
3999,Kifc3,71717081,KIFC3,hyper
4002,Kiss1r,80343334,KISS1R,hyper
4015,Klhl4,76115731,KLHL4,hyper
4017,Klhl9,74988762,KLHL9,hyper
4019,Klk6,74988616,KLK6,hyper
4025,Kpna1,2357,KPNA1,hyper
4027,Kpnb1,77340472,KPNB1,hyper
4029,Krt222,71249742,KRT222,hyper
4047,Lancl1,74881159,LANCL1,hyper
4050,Laptm4b,75651225,LAPTM4B,hyper
4054,Layn,73520977,LAYN,hyper
4061,Ldb2,74641311,LDB2,hyper
4062,Ldb3,2369,LDB3,hyper
4065,Ldhd,74425554,LDHD,hyper
4067,Lef1,77866900,LEF1,hyper
4069,Lepr,73930822,LEPR,hyper
4071,Leprot,75773649,LEPROT,hyper
4072,Leprotl1,2373,LEPROTL1,hyper
4073,Lgals1,70634417,LGALS1,hyper
4077,Lgi3,73520996,LGI3,hyper
4078,Lgr5,72283791,LGR5,hyper
4079,Lhfpl2,72007934,LHFPL2,hyper
4080,Lhfpl3,73635972,LHFPL3,hyper
4082,Lhpp,72340126,LHPP,hyper
4083,Lhx2,2375,LHX2,hyper
4084,Lhx6,635,LHX6,hyper
4085,Lhx9,112646029,LHX9,hyper
4087,Lifr,71016573,LIFR,hyper
4091,Limch1,71249084,LIMCH1,hyper
4095,Limk1,640,LIMK1,hyper
4097,Lims2,75145999,LIMS2,hyper
4101,Lipa,72129290,LIPA,hyper
4104,Lix1,643,LIX1,hyper
4105,Llgl1,645,LLGL1,hyper
4108,Lmna,73512494,LMNA,hyper
4109,Lmo2,2383,LMO2,hyper
4116,Loxl1,70805934,LOXL1,hyper
4117,Lpar1,79556595,LPAR1,hyper
4120,Lphn2,1768,LPHN2,hyper
4131,Lrp4,71670487,LRP4,hyper
4134,Lrrc1,74581426,LRRC1,hyper
4142,Lrrc49,70634108,LRRC49,hyper
4144,Lrrc55,73931406,LRRC55,hyper
4155,Lrrn1,72129293,LRRN1,hyper
4156,Lrrn2,74819328,LRRN2,hyper
4157,Lrrtm1,70805896,LRRTM1,hyper
4159,Lrtm2,74819475,LRTM2,hyper
4160,Lsamp,625,LSAMP,hyper
4175,Lynx1,655,LYNX1,hyper
4178,Lypd6,77332684,LYPD6,hyper
4183,Lzic,276064,LZIC,hyper
4184,Lzts1,73994716,LZTS1,hyper
4192,Magel2,79591571,MAGEL2,hyper
4201,Manea,74882656,MANEA,hyper
4202,Maoa,74750015,MAOA,hyper
4203,Maob,71670489,MAOB,hyper
4205,Map2,74272037,MAP2,hyper
4206,Map2k4,276073,MAP2K4,hyper
4217,Mapre1,2401,MAPRE1,hyper
4218,Mapre2,659,MAPRE2,hyper
4220,Marcksl1,670,MARCKSL1,hyper
4227,Matn4,77371795,MATN4,hyper
4232,Mbp,112202838,MBP,hyper
4233,Mcam,71836841,MCAM,hyper
4238,Mdfi,112648831,MDFI,hyper
4246,Mef2a,199392,MEF2A,hyper
4249,Megf10,71249082,MEGF10,hyper
4252,Meis2,1231,MEIS2,hyper
4254,Mesdc2,72081556,MESDC2,hyper
4265,Mfn2,74882657,MFN2,hyper
4268,Mfsd6,75651167,MFSD6,hyper
4271,Mgat4c,70301085,MGAT4C,hyper
4272,Mgat5b,73616036,MGAT5B,hyper
4274,Mgst3,71015350,MGST3,hyper
4286,Mlec,73930854,MLEC,hyper
4291,Mlxipl,1932,MLXIPL,hyper
4296,Mme,77371755,MME,hyper
4297,Mmel1,76135804,MMEL1,hyper
4298,Mmp15,1383,MMP15,hyper
4306,Mocs1,323590,MOCS1,hyper
4310,Mon1b,74958566,MON1B,hyper
4315,Moxd1,74357562,MOXD1,hyper
4324,Mpv17l2,74988601,MPV17L2,hyper
4325,Mpzl1,77332711,MPZL1,hyper
4328,Mras,72119592,MRAS,hyper
4332,Mrpl12,70743841,MRPL12,hyper
4362,Msn,74658085,MSN,hyper
4363,Msrb2,76135795,MSRB2,hyper
4370,Mtap,79568030,MTAP,hyper
4371,Mtch2,72080084,MTCH2,hyper
4372,Mtf1,2409,MTF1,hyper
4375,Mtif2,677,MTIF2,hyper
4381,Mtmr6,74658087,MTMR6,hyper
4382,Mtmr7,79567753,MTMR7,hyper
4384,Mtrr,2413,MTRR,hyper
4393,Mvp,321202,MVP,hyper
4394,Mx1,1385,MX1,hyper
4397,Mxra7,77332080,MXRA7,hyper
4400,Mybpc1,71920513,MYBPC1,hyper
4403,Myc,112194721,MYC,hyper
4415,Mylk,74819252,MYLK,hyper
4417,Myo10,74743255,MYO10,hyper
4420,Myo1b,72080133,MYO1B,hyper
4426,Myo5b,73592538,MYO5B,hyper
4436,N6amt1,1233,N6AMT1,hyper
4439,Nacc2,70743871,NACC2,hyper
4450,Nat8l,74958656,NAT8L,hyper
4451,Nav1,77280430,NAV1,hyper
4452,Nbr1,1235,NBR1,hyper
4453,Ncald,71924321,NCALD,hyper
4459,Ncdn,684,NCDN,hyper
4462,Ncoa4,1782,NCOA4,hyper
4464,Nde1,67779875,NDE1,hyper
4471,Ndufa10,74658173,NDUFA10,hyper
4478,Ndufaf2,74988362,NDUFAF2,hyper
4483,Ndufs1,2421,NDUFS1,hyper
4487,Ndufs8,74819243,NDUFS8,hyper
4488,Ndufv3,12,NDUFV3,hyper
4490,Necab1,72472791,NECAB1,hyper
4491,Necab2,73788010,NECAB2,hyper
4496,Nefh,74512048,NEFH,hyper
4497,Nefm,73817434,NEFM,hyper
4502,Nek7,72339542,NEK7,hyper
4503,Nenf,74272919,NENF,hyper
4505,Neto1,72129248,NETO1,hyper
4515,Nfil3,70743904,NFIL3,hyper
4519,Nfs1,67870467,NFS1,hyper
4520,Ngef,72119591,NGEF,hyper
4522,Nid1,75084474,NID1,hyper
4525,Nipa2,75041549,NIPA2,hyper
4526,Nipal3,70436746,NIPAL3,hyper
4530,Nkd1,74586666,NKD1,hyper
4539,Nlk,76085742,NLK,hyper
4553,Nog,75084476,NOG,hyper
4560,Notch3,1788,NOTCH3,hyper
4564,Npas2,74724764,NPAS2,hyper
4568,Npc2,75774115,NPC2,hyper
4569,Npepps,844,NPEPPS,hyper
4572,Npnt,71670677,NPNT,hyper
4574,Npr1,71670678,NPR1,hyper
4576,Nptx2,74047773,NPTX2,hyper
4577,Npy1r,72103807,NPY1R,hyper
4579,Nqo1,74800915,NQO1,hyper
4580,Nr1h3,112205214,NR1H3,hyper
4585,Nrbp2,75774686,NRBP2,hyper
4586,Nrcam,172,NRCAM,hyper
4588,Nrg1,74743257,NRG1,hyper
4590,Nrgn,736,NRGN,hyper
4592,Nrp1,74272479,NRP1,hyper
4594,Nrsn1,71358557,NRSN1,hyper
4603,Ntn1,74511838,NTN1,hyper
4605,Ntng1,71924185,NTNG1,hyper
4606,Ntpcr,75773704,NTPCR,hyper
4607,Ntrk1,71670679,NTRK1,hyper
4608,Ntrk2,746,NTRK2,hyper
4618,Nudt21,2115,NUDT21,hyper
4623,Nup93,75774679,NUP93,hyper
4626,Nxpe3,74658081,NXPE3,hyper
4627,Nxph1,75084479,NXPH1,hyper
4633,Oaz2,748,OAZ2,hyper
4634,Obfc1,1938,OBFC1,hyper
4636,Ociad2,75041527,OCIAD2,hyper
4641,Ogfr,67809268,OGFR,hyper
4642,Ogt,758,OGT,hyper
4643,Ola1,293038,OLA1,hyper
4644,Olfm2,71717155,OLFM2,hyper
4648,Olig2,2448,OLIG2,hyper
4651,Omg,2450,OMG,hyper
4656,Opn3,71020433,OPN3,hyper
4658,Oprk1,80517217,OPRK1,hyper
4674,Osbpl3,70231995,OSBPL3,hyper
4675,Osbpl5,73997146,OSBPL5,hyper
4676,Osbpl6,70744325,OSBPL6,hyper
4677,Osbpl8,74641162,OSBPL8,hyper
4678,Osbpl9,77371759,OSBPL9,hyper
4680,Otof,73788043,OTOF,hyper
4688,Oxr1,72129295,OXR1,hyper
4689,P2rx6,75551463,P2RX6,hyper
4690,P2rx7,75551477,P2RX7,hyper
4691,P2ry14,76135748,P2RY14,hyper
4692,P2ry2,75144693,P2RY2,hyper
4695,Pacs2,73635816,PACS2,hyper
4703,Palm2,74581441,PALM2,hyper
4705,Pam,73997147,PAM,hyper
4706,Pamr1,70744322,PAMR1,hyper
4710,Pappa,74581444,PAPPA,hyper
4712,Paqr4,248335,PAQR4,hyper
4715,Paqr8,74724530,PAQR8,hyper
4717,Pard3,73992915,PARD3,hyper
4725,Parp8,74819242,PARP8,hyper
4731,Pbx3,76085744,PBX3,hyper
4736,Pcdh11x,73521002,PCDH11X,hyper
4739,Pcdh17,73636095,PCDH17,hyper
4740,Pcdh20,71670738,PCDH20,hyper
4741,Pcdh7,73521003,PCDH7,hyper
4742,Pcdh9,10,PCDH9,hyper
4744,Pcdhb13,74743259,PCDHB13,hyper
4750,Pcp4,772,PCP4,hyper
4751,Pcp4l1,75084520,PCP4L1,hyper
4752,Pcsk1,2470,PCSK1,hyper
4753,Pcsk2,72080025,PCSK2,hyper
4754,Pcsk6,75084491,PCSK6,hyper
4757,Pcyt1b,74641319,PCYT1B,hyper
4760,Pdcl,324213,PDCL,hyper
4762,Pde11a,75081007,PDE11A,hyper
4763,Pde1b,1257,PDE1B,hyper
4764,Pde1c,1804,PDE1C,hyper
4766,Pde4a,1806,PDE4A,hyper
4767,Pde4b,2472,PDE4B,hyper
4769,Pde7b,71670683,PDE7B,hyper
4771,Pde8b,71020389,PDE8B,hyper
4772,Pdgfra,77280309,PDGFRA,hyper
4773,Pdgfrb,77278981,PDGFRB,hyper
4777,Pdia3,71015817,PDIA3,hyper
4779,Pdk3,2474,PDK3,hyper
4784,Pdp1,74357581,PDP1,hyper
4786,Pdxk,788,PDXK,hyper
4788,Pdzd2,74988286,PDZD2,hyper
4789,Pdzd8,74047716,PDZD8,hyper
4798,Pex14,1397,PEX14,hyper
4803,Pex5l,74581447,PEX5L,hyper
4806,Pfkfb2,1399,PFKFB2,hyper
4807,Pfkfb3,74657950,PFKFB3,hyper
4808,Pfkl,795,PFKL,hyper
4809,Pfkm,67870466,PFKM,hyper
4814,Pgrmc2,74882697,PGRMC2,hyper
4815,Phactr2,73521004,PHACTR2,hyper
4824,Phldb2,74512017,PHLDB2,hyper
4827,Phyh,74800914,PHYH,hyper
4828,Phyhip,544328,PHYHIP,hyper
4834,Pigt,1810,PIGT,hyper
4843,Pip5k1c,71836809,PIP5K1C,hyper
4844,Pir,67870113,PIR,hyper
4846,Pitpnc1,75144644,PITPNC1,hyper
4847,Pitrm1,74273117,PITRM1,hyper
4850,Pla2g16,112650769,PLA2G16,hyper
4852,Pla2g7,74047841,PLA2G7,hyper
4859,Plcb1,75084969,PLCB1,hyper
4864,Plch1,71717604,PLCH1,hyper
4865,Plcl1,75081396,PLCL1,hyper
4866,Plcxd2,79591579,PLCXD2,hyper
4868,Plek,75084080,PLEK,hyper
4871,Plekha5,70743870,PLEKHA5,hyper
4873,Plekha7,73992710,PLEKHA7,hyper
4874,Plekhb1,71836842,PLEKHB1,hyper
4877,Plekhg1,71670687,PLEKHG1,hyper
4882,Plk2,74743272,PLK2,hyper
4884,Pllp,1880,PLLP,hyper
4887,Plp1,79556704,PLP1,hyper
4888,Pls3,355886,PLS3,hyper
4889,Plxdc1,814,PLXDC1,hyper
4890,Plxdc2,74425563,PLXDC2,hyper
4891,Plxna4,75084090,PLXNA4,hyper
4892,Plxnb1,1561,PLXNB1,hyper
4893,Plxnb3,1265,PLXNB3,hyper
4894,Pmaip1,823,PMAIP1,hyper
4898,Pmp22,825,PMP22,hyper
4910,Pnpo,70743879,PNPO,hyper
4913,Pogk,71064277,POGK,hyper
4924,Pomp,75774685,POMP,hyper
4930,Pou6f2,71249067,POU6F2,hyper
4931,Ppap2a,830,PPAP2A,hyper
4940,Ppfibp1,74272480,PPFIBP1,hyper
4951,Ppp1r14b,73512186,PPP1R14B,hyper
4953,Ppp1r1a,75773706,PPP1R1A,hyper
4954,Ppp1r1b,73732146,PPP1R1B,hyper
4955,Ppp1r3b,75084111,PPP1R3B,hyper
4958,Ppp1r7,832,PPP1R7,hyper
4959,Ppp1r9a,71064176,PPP1R9A,hyper
4960,Ppp2ca,71836836,PPP2CA,hyper
4962,Ppp2r2b,1655,PPP2R2B,hyper
4963,Ppp2r2c,74882698,PPP2R2C,hyper
4969,Pptc7,74881503,PPTC7,hyper
4970,Pqlc1,70927829,PQLC1,hyper
4972,Prcp,74819671,PRCP,hyper
4976,Prdx1,836,PRDX1,hyper
4980,Prex1,73925725,PREX1,hyper
4984,Prkacb,75043158,PRKACB,hyper
4985,Prkag2,29,PRKAG2,hyper
4987,Prkar2b,74583119,PRKAR2B,hyper
4988,Prkca,840,PRKCA,hyper
4989,Prkch,73520406,PRKCH,hyper
4990,Prkcq,71670693,PRKCQ,hyper
4991,Prkcsh,67870479,PRKCSH,hyper
4994,Prkg2,71670688,PRKG2,hyper
4995,Prlhr,74511758,PRLHR,hyper
4996,Prlr,1268,PRLR,hyper
4997,Prmt2,577,PRMT2,hyper
5012,Prrt3,72081547,PRRT3,hyper
5014,Prrx2,1522,PRRX2,hyper
5015,Prss23,70634118,PRSS23,hyper
5030,Psmd4,2503,PSMD4,hyper
5034,Psrc1,71015388,PSRC1,hyper
5035,Pstpip1,71717135,PSTPIP1,hyper
5037,Ptdss1,74800904,PTDSS1,hyper
5039,Ptgds,851,PTGDS,hyper
5043,Pth1r,112202195,PTH1R,hyper
5045,Ptp4a1,75079765,PTP4A1,hyper
5048,Ptpdc1,72472738,PTPDC1,hyper
5056,Ptpn5,74743293,PTPN5,hyper
5061,Ptprj,73521803,PTPRJ,hyper
5062,Ptprk,74743303,PTPRK,hyper
5063,Ptprm,864,PTPRM,hyper
5065,Ptprs,74882787,PTPRS,hyper
5066,Ptprt,866,PTPRT,hyper
5067,Ptrf,73521818,PTRF,hyper
5076,Pycrl,2515,PYCRL,hyper
5081,Qdpr,75042261,QDPR,hyper
5099,Rab3c,73521805,RAB3C,hyper
5106,Rab6a,74047909,RAB6A,hyper
5112,Rabep2,1970,RABEP2,hyper
5119,Rai14,73521806,RAI14,hyper
5121,Ralb,74657981,RALB,hyper
5123,Ramp3,1818,RAMP3,hyper
5127,Rangap1,2519,RANGAP1,hyper
5131,Rapgef5,70301084,RAPGEF5,hyper
5132,Rarres2,75077281,RARRES2,hyper
5135,Rasal2,71670719,RASAL2,hyper
5136,Rasd2,73636089,RASD2,hyper
5137,Rasgef1b,71358553,RASGEF1B,hyper
5138,Rasgrp2,76115743,RASGRP2,hyper
5140,Rasl10a,73636038,RASL10A,hyper
5142,Rasl11a,75988636,RASL11A,hyper
5145,Rassf3,71836799,RASSF3,hyper
5150,Rbm18,356083,RBM18,hyper
5158,Rbp4,71016583,RBP4,hyper
5161,Rcan1,362,RCAN1,hyper
5162,Rcan2,71064278,RCAN2,hyper
5174,Reep5,2159,REEP5,hyper
5175,Relb,2525,RELB,hyper
5177,Relt,77869869,RELT,hyper
5181,Reps2,76135799,REPS2,hyper
5184,Rest,112645169,REST,hyper
5193,Rfx1,895,RFX1,hyper
5194,Rfxank,67881545,RFXANK,hyper
5201,Rgs12,70613990,RGS12,hyper
5202,Rgs14,2529,RGS14,hyper
5203,Rgs16,1567,RGS16,hyper
5204,Rgs2,73635771,RGS2,hyper
5205,Rgs3,1822,RGS3,hyper
5206,Rgs4,1569,RGS4,hyper
5207,Rgs7bp,73931629,RGS7BP,hyper
5208,Rgs9,73521819,RGS9,hyper
5219,Rhobtb3,74583162,RHOBTB3,hyper
5229,Rims3,74512027,RIMS3,hyper
5230,Rin1,67870468,RIN1,hyper
5241,Rnf128,1914,RNF128,hyper
5242,Rnf13,72109423,RNF13,hyper
5245,Rnf144b,71836839,RNF144B,hyper
5251,Rnf220,71924364,RNF220,hyper
5253,Rnh1,74800925,RNH1,hyper
5256,Robo1,73521820,ROBO1,hyper
5257,Robo2,75080998,ROBO2,hyper
5262,Rorb,2539,RORB,hyper
5269,Rpp25,75146006,RPP25,hyper
5272,Rps6ka2,70301276,RPS6KA2,hyper
5279,Rrp1,713,RRP1,hyper
5291,Rtn3,83161,RTN3,hyper
5292,Rtn4rl2,74581375,RTN4RL2,hyper
5295,Rufy3,73817983,RUFY3,hyper
5298,Runx2,1278,RUNX2,hyper
5301,Rwdd2b,1587,RWDD2B,hyper
5302,Rxfp2,73907500,RXFP2,hyper
5304,Rxrg,917,RXRG,hyper
5308,S100a10,70560277,S100A10,hyper
5311,S100b,923,S100B,hyper
5312,S1pr5,112651200,S1PR5,hyper
5314,Sacm1l,74882832,SACM1L,hyper
5317,Samd11,70928360,SAMD11,hyper
5321,Sap30l,73907495,SAP30L,hyper
5323,Sash1,71924225,SASH1,hyper
5330,Scara3,75042270,SCARA3,hyper
5331,Scarb1,2551,SCARB1,hyper
5332,Scarb2,72081482,SCARB2,hyper
5337,Scg2,934,SCG2,hyper
5340,Scn1a,77340528,SCN1A,hyper
5343,Scn4b,73636111,SCN4B,hyper
5349,Scrg1,71924331,SCRG1,hyper
5351,Sdc3,71358662,SDC3,hyper
5352,Sdcbp,70744518,SDCBP,hyper
5357,Sdk2,77332746,SDK2,hyper
5366,Sec61a2,112643861,SEC61A2,hyper
5372,Sema3c,939,SEMA3C,hyper
5373,Sema3e,70436736,SEMA3E,hyper
5374,Sema3f,72007563,SEMA3F,hyper
5375,Sema4d,945,SEMA4D,hyper
5376,Sema4g,71587856,SEMA4G,hyper
5377,Sema5a,950,SEMA5A,hyper
5378,Sema6a,71358651,SEMA6A,hyper
5379,Sema6d,74750032,SEMA6D,hyper
5385,Serinc5,77278973,SERINC5,hyper
5390,Serpinb8,293668,SERPINB8,hyper
5393,Serpine2,74047768,SERPINE2,hyper
5395,Serpini1,963,SERPINI1,hyper
5396,Sertad4,71920519,SERTAD4,hyper
5399,Setd3,74047910,SETD3,hyper
5400,Setd7,71016630,SETD7,hyper
5403,Sf3a2,74882916,SF3A2,hyper
5404,Sfn,2561,SFN,hyper
5412,Sgcd,71717142,SGCD,hyper
5417,Sgk3,75650862,SGK3,hyper
5420,Sgtb,71924341,SGTB,hyper
5424,Sh3bgr,1416,SH3BGR,hyper
5426,Sh3bgrl2,71717686,SH3BGRL2,hyper
5429,Sh3bp4,75774110,SH3BP4,hyper
5430,Sh3d19,74425516,SH3D19,hyper
5432,Sh3kbp1,74272906,SH3KBP1,hyper
5434,Sh3rf1,74581451,SH3RF1,hyper
5435,Sh3rf2,71670729,SH3RF2,hyper
5439,Shb,71670695,SHB,hyper
5446,Shh,1418,SHH,hyper
5452,Siae,324008,SIAE,hyper
5459,Sipa1l2,72118960,SIPA1L2,hyper
5460,Sirt2,75651224,SIRT2,hyper
5462,Six1,1834,SIX1,hyper
5467,Slc10a3,74047876,SLC10A3,hyper
5468,Slc10a4,71670742,SLC10A4,hyper
5470,Slc11a2,2571,SLC11A2,hyper
5471,Slc12a2,74882926,SLC12A2,hyper
5472,Slc12a3,2573,SLC12A3,hyper
5476,Slc12a8,1836,SLC12A8,hyper
5477,Slc13a3,2575,SLC13A3,hyper
5482,Slc16a3,72080085,SLC16A3,hyper
5483,Slc16a6,2581,SLC16A6,hyper
5484,Slc17a6,73818754,SLC17A6,hyper
5485,Slc17a8,71587918,SLC17A8,hyper
5487,Slc1a2,73521823,SLC1A2,hyper
5490,Slc20a2,70231308,SLC20A2,hyper
5495,Slc22a23,72128754,SLC22A23,hyper
5496,Slc22a3,73931644,SLC22A3,hyper
5500,Slc24a2,71924238,SLC24A2,hyper
5507,Slc25a25,544516,SLC25A25,hyper
5510,Slc25a3,972,SLC25A3,hyper
5515,Slc25a5,2591,SLC25A5,hyper
5519,Slc27a1,75651228,SLC27A1,hyper
5520,Slc27a4,1920,SLC27A4,hyper
5523,Slc2a1,74882936,SLC2A1,hyper
5524,Slc2a13,74958626,SLC2A13,hyper
5525,Slc2a4,2599,SLC2A4,hyper
5532,Slc31a1,2603,SLC31A1,hyper
5533,Slc31a2,75773700,SLC31A2,hyper
5534,Slc32a1,1098,SLC32A1,hyper
5536,Slc35a4,112647750,SLC35A4,hyper
5538,Slc35b2,2613,SLC35B2,hyper
5541,Slc35d3,73929607,SLC35D3,hyper
5544,Slc35f1,75084145,SLC35F1,hyper
5545,Slc38a1,1844,SLC38A1,hyper
5553,Slc39a3,2619,SLC39A3,hyper
5554,Slc39a6,73930852,SLC39A6,hyper
5561,Slc43a2,74425544,SLC43A2,hyper
5563,Slc44a1,77925099,SLC44A1,hyper
5568,Slc4a2,74583129,SLC4A2,hyper
5573,Slc5a7,73929608,SLC5A7,hyper
5575,Slc6a1,476,SLC6A1,hyper
5576,Slc6a11,72472802,SLC6A11,hyper
5579,Slc6a6,1850,SLC6A6,hyper
5581,Slc6a9,1420,SLC6A9,hyper
5586,Slc8a1,73512193,SLC8A1,hyper
5587,Slc8a3,74357546,SLC8A3,hyper
5588,Slc9a1,72080207,SLC9A1,hyper
5590,Slc9a3r2,74657980,SLC9A3R2,hyper
5591,Slc9a6,76115744,SLC9A6,hyper
5592,Slc9a7,77278977,SLC9A7,hyper
5593,Slc9a9,71670730,SLC9A9,hyper
5596,Slco3a1,293691,SLCO3A1,hyper
5600,Slit2,980,SLIT2,hyper
5606,Smarca2,1972,SMARCA2,hyper
5611,Smoc1,71717592,SMOC1,hyper
5612,Smoc2,74357576,SMOC2,hyper
5615,Snap47,3,SNAP47,hyper
5620,Sntb1,71670741,SNTB1,hyper
5635,Socs6,70634236,SOCS6,hyper
5636,Sod1,994,SOD1,hyper
5638,Sod3,74273308,SOD3,hyper
5639,Sorbs1,74425572,SORBS1,hyper
5640,Sorcs1,74800882,SORCS1,hyper
5641,Sorcs2,74047717,SORCS2,hyper
5642,Sorcs3,75988635,SORCS3,hyper
5647,Sox10,79556652,SOX10,hyper
5648,Sox11,79912528,SOX11,hyper
5652,Sox2,77280331,SOX2,hyper
5654,Sox5,1284,SOX5,hyper
5657,Sox8,74988736,SOX8,hyper
5663,Spag16,75080199,SPAG16,hyper
5667,Sparc,73512200,SPARC,hyper
5668,Spata13,73997152,SPATA13,hyper
5676,Spg21,71717143,SPG21,hyper
5682,Spock3,70634298,SPOCK3,hyper
5683,Spon1,71836797,SPON1,hyper
5685,Spp1,70436740,SPP1,hyper
5688,Spsb1,77332092,SPSB1,hyper
5689,Spsb4,75773701,SPSB4,hyper
5691,Sptlc2,74658175,SPTLC2,hyper
5692,Sqle,70231996,SQLE,hyper
5693,Sqrdl,74047907,SQRDL,hyper
5698,Srgap1,74047745,SRGAP1,hyper
5704,Srpr,1593,SRPR,hyper
5705,Ssb,75081397,SSB,hyper
5706,Ssr1,2631,SSR1,hyper
5707,Ssr2,121097,SSR2,hyper
5709,Sst,1001,SST,hyper
5717,St6galnac3,75077242,ST6GALNAC3,hyper
5718,St8sia2,77925023,ST8SIA2,hyper
5720,St8sia6,73929596,ST8SIA6,hyper
5724,Stard13,71587846,STARD13,hyper
5727,Stard8,73521808,STARD8,hyper
5728,Stard9,75043136,STARD9,hyper
5730,Stc1,2639,STC1,hyper
5731,Stc2,80343330,STC2,hyper
5732,Stk24,73635773,STK24,hyper
5735,Stk32c,70744516,STK32C,hyper
5739,Stoml1,74881134,STOML1,hyper
5742,Strn,73521824,STRN,hyper
5751,Stxbp6,70744323,STXBP6,hyper
5752,Styk1,71250308,STYK1,hyper
5757,Sulf1,75041501,SULF1,hyper
5763,Susd2,75146000,SUSD2,hyper
5764,Susd4,75774678,SUSD4,hyper
5766,Sv2c,74357583,SV2C,hyper
5767,Svip,73931622,SVIP,hyper
5769,Syap1,1858,SYAP1,hyper
5773,Syn1,227540,SYN1,hyper
5775,Synj1,1287,SYNJ1,hyper
5776,Synj2,71064267,SYNJ2,hyper
5778,Synpo,74640881,SYNPO,hyper
5779,Synpo2,75144656,SYNPO2,hyper
5782,Syt11,2649,SYT11,hyper
5784,Syt16,71358663,SYT16,hyper
5785,Syt2,1023,SYT2,hyper
5786,Syt3,1026,SYT3,hyper
5787,Syt5,1029,SYT5,hyper
5788,Syt6,1032,SYT6,hyper
5790,Tac1,1038,TAC1,hyper
5793,Tacr1,1295,TACR1,hyper
5796,Taf13,2655,TAF13,hyper
5800,Tal1,72080006,TAL1,hyper
5802,Taldo1,74988562,TALDO1,hyper
5803,Tanc1,72081515,TANC1,hyper
5805,Taok1,74819235,TAOK1,hyper
5839,Tcf7l2,72339557,TCF7L2,hyper
5843,Tcn2,71924389,TCN2,hyper
5851,Tdrd3,73817944,TDRD3,hyper
5855,Tecta,74882940,TECTA,hyper
5859,Tesc,70634149,TESC,hyper
5874,Tgfbr2,74819696,TGFBR2,hyper
5877,Th,1056,TH,hyper
5882,Thbd,75079800,THBD,hyper
5884,Thbs2,73929578,THBS2,hyper
5885,Thbs3,74657923,THBS3,hyper
5886,Thbs4,77874596,THBS4,hyper
5890,Thsd7a,71924155,THSD7A,hyper
5893,Ticam1,72081545,TICAM1,hyper
5898,Timp2,75988524,TIMP2,hyper
5899,Timp3,73769324,TIMP3,hyper
5905,Tk2,75042260,TK2,hyper
5919,Tmbim6,2663,TMBIM6,hyper
5920,Tmc6,70928250,TMC6,hyper
5930,Tmeff1,1299,TMEFF1,hyper
5931,Tmeff2,71015807,TMEFF2,hyper
5954,Tmem150c,77340478,TMEM150C,hyper
5961,Tmem175,112644308,TMEM175,hyper
5971,Tmem196,74511946,TMEM196,hyper
5973,Tmem204,73769320,TMEM204,hyper
5974,Tmem206,75774106,TMEM206,hyper
5981,Tmem33,356284,TMEM33,hyper
5984,Tmem41a,70743869,TMEM41A,hyper
5987,Tmem47,75081394,TMEM47,hyper
5989,Tmem50b,133,TMEM50B,hyper
5995,Tmem64,77414589,TMEM64,hyper
5997,Tmem72,73992925,TMEM72,hyper
5999,Tmem86b,72472763,TMEM86B,hyper
6005,Tmem91,75651161,TMEM91,hyper
6010,Tmsb10,73521810,TMSB10,hyper
6012,Tmtc1,73636154,TMTC1,hyper
6015,Tmx2,71836805,TMX2,hyper
6016,Tmx4,74882217,TMX4,hyper
6017,Tnc,71717115,TNC,hyper
6019,Tnfaip3,75084101,TNFAIP3,hyper
6021,Tnfaip8,75038412,TNFAIP8,hyper
6024,Tnfrsf12a,2687,TNFRSF12A,hyper
6025,Tnfrsf19,74425524,TNFRSF19,hyper
6027,Tnfrsf21,71836885,TNFRSF21,hyper
6032,Tnip2,74425540,TNIP2,hyper
6034,Tnks,72472775,TNKS,hyper
6035,Tns1,73512354,TNS1,hyper
6036,Tnxb,74749957,TNXB,hyper
6039,Tom1l2,74749970,TOM1L2,hyper
6040,Tomm34,75042253,TOMM34,hyper
6042,Tomm70a,320,TOMM70A,hyper
6046,Tox,71670691,TOX,hyper
6047,Tox3,75077172,TOX3,hyper
6054,Tpbg,76085743,TPBG,hyper
6057,Tpm3,275873,TPM3,hyper
6060,Tppp,74724775,TPPP,hyper
6061,Tppp3,70813926,TPPP3,hyper
6067,Traf5,2693,TRAF5,hyper
6068,Traf7,2527,TRAF7,hyper
6072,Trappc10,1063,TRAPPC10,hyper
6079,Trim25,1545,TRIM25,hyper
6083,Trim36,74657930,TRIM36,hyper
6084,Trim37,74749996,TRIM37,hyper
6099,Trip4,1924,TRIP4,hyper
6102,Trnp1,72080175,TRNP1,hyper
6104,Trpm1,75081002,TRPM1,hyper
6106,Trpm6,73907502,TRPM6,hyper
6107,Trps1,2697,TRPS1,hyper
6113,Tsc22d1,1051,TSC22D1,hyper
6114,Tsc22d4,1464,TSC22D4,hyper
6118,Tspan11,70436731,TSPAN11,hyper
6120,Tspan2,75144618,TSPAN2,hyper
6123,Tspan6,74047839,TSPAN6,hyper
6125,Tspo,2071,TSPO,hyper
6129,Ttbk2,75147759,TTBK2,hyper
6141,Ttll4,71670702,TTLL4,hyper
6142,Ttll7,72128755,TTLL7,hyper
6143,Ttn,74047746,TTN,hyper
6146,Tulp4,2699,TULP4,hyper
6154,Txnip,1084,TXNIP,hyper
6158,Uaca,74800883,UACA,hyper
6164,Ube2h,74583203,UBE2H,hyper
6166,Ube2t,276069,UBE2T,hyper
6170,Ube4b,74750010,UBE4B,hyper
6172,Ubl3,1884,UBL3,hyper
6175,Ublcp1,70634406,UBLCP1,hyper
6181,Ufsp1,72007932,UFSP1,hyper
6193,Uqcrb,323595,UQCRB,hyper
6201,Usp14,74881157,USP14,hyper
6202,Usp16,1886,USP16,hyper
6204,Usp25,2713,USP25,hyper
6217,Utrn,73929872,UTRN,hyper
6219,Vamp1,75651233,VAMP1,hyper
6222,Vangl1,71670709,VANGL1,hyper
6224,Vash2,1667,VASH2,hyper
6227,Vat1,74357572,VAT1,hyper
6228,Vat1l,75650860,VAT1L,hyper
6229,Vav2,74583149,VAV2,hyper
6230,Vav3,76085746,VAV3,hyper
6233,Vegfa,74988747,VEGFA,hyper
6234,Vegfb,75079746,VEGFB,hyper
6238,Vgf,71924165,VGF,hyper
6239,Vill,71015194,VILL,hyper
6240,Vim,1309,VIM,hyper
6244,Vps35,355884,VPS35,hyper
6245,Vps39,74047842,VPS39,hyper
6249,Vstm2a,71836843,VSTM2A,hyper
6250,Vstm2b,72128753,VSTM2B,hyper
6251,Vwa1,72007936,VWA1,hyper
6252,Vwa3a,72472789,VWA3A,hyper
6254,Vwa5a,71836830,VWA5A,hyper
6264,Wdr31,2719,WDR31,hyper
6269,Wdr47,74819248,WDR47,hyper
6285,Wnt10b,2725,WNT10B,hyper
6287,Wnt2b,1589,WNT2B,hyper
6288,Wnt3,2731,WNT3,hyper
6289,Wnt4,1444,WNT4,hyper
6292,Wwc1,71020388,WWC1,hyper
6302,Yars,1122,YARS,hyper
6303,Ybx2,75080250,YBX2,hyper
6307,Ywhab,2737,YWHAB,hyper
6308,Ywhag,1124,YWHAG,hyper
6332,Zdhhc9,74425545,ZDHHC9,hyper
6333,Zeb2,71924066,ZEB2,hyper
6334,Zfhx4,74988739,ZFHX4,hyper
6345,Zmat4,71249750,ZMAT4,hyper
6414,Zswim6,75146003,ZSWIM6,hyper
