key,fc_ratio,fc_weight,sc_weight,xyz_weight,anchor_top1,anchor_top5,anchor_pair_id,anchor_mean_rank,anchor_mean_xyz_dist,fc_translation_r,fc_within_r,fc_cross_r,n_human_nodes_kept,elapsed_s,score
fc0.800_sc0.200_xyz0.250,0.8,0.8,0.19999999999999996,0.25,0.8095238095238095,1.0,0.8095238095238095,1.2380952380952381,0.01997671048154232,0.3683929162422512,0.43912366650559476,0.2067634288276855,1461,43.8,0.5810479682716212
fc0.600_sc0.400_xyz0.500,0.6,0.6,0.4,0.5,0.8095238095238095,1.0,0.8333333333333334,1.2380952380952381,0.02237464046826924,0.36049936850265263,0.4321827509160215,0.19003208796614887,1278,43.5,0.576897043444847
fc1.000_sc0.000_xyz0.250,1.0,1.0,0.0,0.25,0.7857142857142857,1.0,0.7857142857142857,1.2619047619047619,0.021150912339234825,0.37419749023242704,0.4441487291980696,0.2052198388986012,1500,40.4,0.573370295992392
fc0.900_sc0.100_xyz0.250,0.9,0.9,0.09999999999999998,0.25,0.7857142857142857,1.0,0.7857142857142857,1.2619047619047619,0.021150912339234825,0.3708593395504414,0.44413526754398275,0.2073999343526205,1500,40.5,0.5721992509228797
fc0.900_sc0.100_xyz0.500,0.9,0.9,0.09999999999999998,0.5,0.7857142857142857,1.0,0.7857142857142857,1.2619047619047619,0.021166409717735823,0.36594581157768186,0.4412594947605209,0.19657276453031738,1405,40.4,0.5699043615757214
fc0.800_sc0.200_xyz0.500,0.8,0.8,0.19999999999999996,0.5,0.7857142857142857,1.0,0.7857142857142857,1.2619047619047619,0.021166409717735823,0.3637820261614782,0.43798197734745004,0.1972542748534137,1396,44.6,0.568491533197436
fc0.700_sc0.300_xyz0.500,0.7,0.7,0.30000000000000004,0.5,0.7857142857142857,1.0,0.8095238095238095,1.2619047619047619,0.022698650363744733,0.3620031099005312,0.43388316928585047,0.19385083129365294,1346,45.5,0.5670491508937846
fc0.500_sc0.500_xyz0.500,0.5,0.5,0.5,0.5,0.7857142857142857,1.0,0.8095238095238095,1.2619047619047619,0.022698650363744733,0.35950186714601934,0.43180995908689995,0.18796232705786403,1219,44.2,0.5657590738899153
fc0.700_sc0.300_xyz0.250,0.7,0.7,0.30000000000000004,0.25,0.7619047619047619,1.0,0.7857142857142857,1.2857142857142858,0.02388834959993823,0.3676939448707007,0.4409890028065191,0.20643762373282273,1371,44.3,0.5597478241231919
fc1.000_sc0.000_xyz0.500,1.0,1.0,0.0,0.5,0.7619047619047619,1.0,0.7619047619047619,1.2857142857142858,0.02234061157542833,0.36459439591537984,0.4396835519059437,0.1933408788614183,1390,40.8,0.5584018918087146
fc0.800_sc0.200_xyz0.750,0.8,0.8,0.19999999999999996,0.75,0.7619047619047619,1.0,0.8095238095238095,1.3571428571428572,0.031126901517981274,0.36233095091804357,0.4394186464146845,0.18819087270849097,1337,43.5,0.557556704961395
fc0.700_sc0.300_xyz0.750,0.7,0.7,0.30000000000000004,0.75,0.7619047619047619,1.0,0.8095238095238095,1.3571428571428572,0.031126901517981274,0.35943889337675383,0.4349171563334989,0.1882858705926928,1319,45.1,0.5556441868057065
fc0.500_sc0.500_xyz0.250,0.5,0.5,0.5,0.25,0.7619047619047619,1.0,0.7857142857142857,1.2857142857142858,0.02535425220991391,0.3602671973062357,0.42861316479274314,0.19340913804078622,1173,44.3,0.554673294872874
fc0.600_sc0.400_xyz0.750,0.6,0.6,0.4,0.75,0.7619047619047619,1.0,0.8095238095238095,1.3571428571428572,0.031126901517981274,0.3567985499915245,0.4304988574075617,0.18381365987897064,1273,44.0,0.5538364068356888
fc0.600_sc0.400_xyz0.250,0.6,0.6,0.4,0.25,0.7380952380952381,1.0,0.7619047619047619,1.3095238095238095,0.02567826210538941,0.36774362775519454,0.4412889134547562,0.20191462992914022,1269,43.5,0.5491109095481266
fc0.500_sc0.500_xyz0.750,0.5,0.5,0.5,0.75,0.7380952380952381,1.0,0.8095238095238095,1.380952380952381,0.05109921840346223,0.35541665480547474,0.4301020605782564,0.18134507557347002,1234,45.5,0.5425590984404246
fc0.300_sc0.700_xyz0.500,0.3,0.3,0.7,0.5,0.7380952380952381,1.0,0.7619047619047619,1.3095238095238095,0.02567826210538941,0.3601352692348126,0.4216482316125703,0.1876250185248185,1090,44.7,0.5425198476975557
fc0.300_sc0.700_xyz0.250,0.3,0.3,0.7,0.25,0.7380952380952381,1.0,0.7619047619047619,1.3571428571428572,0.027969687153425415,0.3535663387721214,0.43054368566826506,0.1775736874623503,1020,46.2,0.5419998128467527
fc0.300_sc0.700_xyz0.750,0.3,0.3,0.7,0.75,0.7380952380952381,1.0,0.8095238095238095,1.380952380952381,0.05109921840346223,0.3538699335047917,0.42753969022903077,0.18019209971879166,1150,45.4,0.5415052719153405
fc0.900_sc0.100_xyz0.750,0.9,0.9,0.09999999999999998,0.75,0.7142857142857143,1.0,0.7619047619047619,1.4523809523809523,0.03763957727436838,0.3644712603655674,0.4433114192617242,0.18912459843160895,1342,40.9,0.5376557964088649
fc0.000_sc1.000_xyz0.500,0.0,0.0,1.0,0.5,0.7380952380952381,1.0,0.7619047619047619,1.3571428571428572,0.027969687153425415,0.3442068134076228,0.4188244634249266,0.16580947332894225,910,47.1,0.5363801345205105
fc1.000_sc0.000_xyz0.750,1.0,1.0,0.0,0.75,0.7142857142857143,1.0,0.7619047619047619,1.4523809523809523,0.03763957727436838,0.36166131896266684,0.4383927023629626,0.18697648056661056,1338,40.1,0.5356885735380974
fc0.900_sc0.100_xyz1.000,0.9,0.9,0.09999999999999998,1.0,0.6904761904761905,1.0,0.7619047619047619,1.5,0.061135535816107825,0.3613751414745909,0.43992332102647863,0.18426252821390668,1315,40.8,0.5251802494356882
fc0.800_sc0.200_xyz1.000,0.8,0.8,0.19999999999999996,1.0,0.6904761904761905,1.0,0.7619047619047619,1.5,0.061135535816107825,0.3611591436618229,0.44023768282412784,0.18508113708160742,1312,44.4,0.5251675225607493
fc0.700_sc0.300_xyz1.000,0.7,0.7,0.30000000000000004,1.0,0.6904761904761905,1.0,0.7619047619047619,1.5,0.061135535816107825,0.3592913687874814,0.43640713254105723,0.18366868751451393,1301,45.0,0.5237476912981157
fc0.600_sc0.400_xyz1.000,0.6,0.6,0.4,1.0,0.6904761904761905,1.0,0.7619047619047619,1.5,0.061135535816107825,0.3560786164057812,0.4330243976156359,0.18264441061267764,1287,43.8,0.5219466809794363
fc0.500_sc0.500_xyz1.000,0.5,0.5,0.5,1.0,0.6904761904761905,1.0,0.7619047619047619,1.5,0.061135535816107825,0.354371124245428,0.42943597668622857,0.18027447510122085,1260,45.5,0.5206313745374312
fc0.000_sc1.000_xyz0.250,0.0,0.0,1.0,0.25,0.6904761904761905,0.9761904761904762,0.7380952380952381,1.5,0.042999288500260475,0.34433296710312833,0.42860419826067864,0.16190923838642302,797,45.2,0.5169516638525163
fc0.000_sc1.000_xyz0.750,0.0,0.0,1.0,0.75,0.6904761904761905,1.0,0.7619047619047619,1.4285714285714286,0.05527565580890511,0.3476851673781,0.41927174621910435,0.172936186743632,1003,45.4,0.5162584435404416
fc1.000_sc0.000_xyz1.000,1.0,1.0,0.0,1.0,0.6666666666666666,1.0,0.7380952380952381,1.5238095238095237,0.06232523505230133,0.3609347892757989,0.4400242633829973,0.18395650611667208,1311,40.4,0.514332028923129
fc0.300_sc0.700_xyz1.000,0.3,0.3,0.7,1.0,0.6666666666666666,1.0,0.7619047619047619,1.5238095238095237,0.08218218921890834,0.35316955841330777,0.4308994476956692,0.17706383641480444,1202,45.3,0.5097892349837915
fc0.000_sc1.000_xyz1.000,0.0,0.0,1.0,1.0,0.6190476190476191,1.0,0.7142857142857143,1.5952380952380953,0.08627970731593061,0.3516186562376775,0.4230976198860837,0.17809246941040607,1074,44.7,0.4862574822318324
fc1.000_sc0.000_xyz0.000,1.0,1.0,0.0,0.0,0.30952380952380953,0.8809523809523809,0.6190476190476191,2.857142857142857,0.20046918752850965,0.48780816569641733,0.45069163601909323,0.47252999796567186,2059,37.4,0.400156899483279
fc0.900_sc0.100_xyz0.000,0.9,0.9,0.09999999999999998,0.0,0.30952380952380953,0.8809523809523809,0.6190476190476191,2.9047619047619047,0.19593028724759795,0.49051558206515766,0.42548766586222375,0.46220313242746075,2074,40.5,0.39606370118096423
fc0.800_sc0.200_xyz0.000,0.8,0.8,0.19999999999999996,0.0,0.2619047619047619,0.8809523809523809,0.5714285714285714,2.9523809523809526,0.21690948926035217,0.47184171018267645,0.3872676583341368,0.423258425931322,2062,41.4,0.36045527308790704
fc0.700_sc0.300_xyz0.000,0.7,0.7,0.30000000000000004,0.0,0.2619047619047619,0.8571428571428571,0.5476190476190477,3.119047619047619,0.2269322730151507,0.40180192565440465,0.33828011507104966,0.34720761164572295,2049,45.1,0.3261438398503944
fc0.600_sc0.400_xyz0.000,0.6,0.6,0.4,0.0,0.2619047619047619,0.8809523809523809,0.5714285714285714,3.0,0.22783469652382346,0.3394857421211279,0.31629418930833225,0.28559085811712115,1882,43.5,0.2999359904612041
fc0.500_sc0.500_xyz0.000,0.5,0.5,0.5,0.0,0.23809523809523808,0.9285714285714286,0.5476190476190477,2.738095238095238,0.22732464023192864,0.3064833223944077,0.3548265635326711,0.22326928158155146,1689,44.6,0.28537733268743404
fc0.000_sc1.000_xyz0.000,0.0,0.0,1.0,0.0,0.2857142857142857,0.9047619047619048,0.5714285714285714,2.857142857142857,0.1998094746643586,0.24285619925803237,0.29970094840346706,0.12575405858666605,1023,45.2,0.2735112879924333
fc0.300_sc0.700_xyz0.000,0.3,0.3,0.7,0.0,0.21428571428571427,0.9285714285714286,0.47619047619047616,2.857142857142857,0.2377056762826839,0.2251506088173746,0.32048939401554,0.1356542214545286,1469,45.3,0.23932916331776055
